,Quarter,HBT,Cancer type,Number of eligible referrals,Number of eligible referrals treated within 31 days,Health board
5,2012Q1,S08000015,Lung,52,52,NHS Ayrshire and Arran
16,2012Q2,S08000015,Lung,49,49,NHS Ayrshire and Arran
27,2012Q3,S08000015,Lung,55,55,NHS Ayrshire and Arran
38,2012Q4,S08000015,Lung,50,50,NHS Ayrshire and Arran
49,2013Q1,S08000015,Lung,51,50,NHS Ayrshire and Arran
60,2013Q2,S08000015,Lung,64,64,NHS Ayrshire and Arran
71,2013Q3,S08000015,Lung,55,55,NHS Ayrshire and Arran
81,2013Q4,S08000015,Lung,65,65,NHS Ayrshire and Arran
92,2014Q1,S08000015,Lung,59,59,NHS Ayrshire and Arran
105,2014Q2,S08000015,Lung,42,42,NHS Ayrshire and Arran
116,2014Q3,S08000015,Lung,51,51,NHS Ayrshire and Arran
127,2014Q4,S08000015,Lung,51,51,NHS Ayrshire and Arran
138,2015Q1,S08000015,Lung,49,49,NHS Ayrshire and Arran
149,2015Q2,S08000015,Lung,44,44,NHS Ayrshire and Arran
160,2015Q3,S08000015,Lung,40,40,NHS Ayrshire and Arran
171,2015Q4,S08000015,Lung,25,25,NHS Ayrshire and Arran
181,2016Q1,S08000015,Lung,31,31,NHS Ayrshire and Arran
192,2016Q2,S08000015,Lung,34,34,NHS Ayrshire and Arran
202,2016Q3,S08000015,Lung,39,39,NHS Ayrshire and Arran
213,2016Q4,S08000015,Lung,30,30,NHS Ayrshire and Arran
224,2017Q1,S08000015,Lung,28,28,NHS Ayrshire and Arran
235,2017Q2,S08000015,Lung,38,38,NHS Ayrshire and Arran
246,2017Q3,S08000015,Lung,41,41,NHS Ayrshire and Arran
256,2017Q4,S08000015,Lung,30,30,NHS Ayrshire and Arran
267,2018Q1,S08000015,Lung,26,26,NHS Ayrshire and Arran
277,2018Q2,S08000015,Lung,34,34,NHS Ayrshire and Arran
288,2018Q3,S08000015,Lung,39,39,NHS Ayrshire and Arran
301,2018Q4,S08000015,Lung,48,48,NHS Ayrshire and Arran
312,2019Q1,S08000015,Lung,44,44,NHS Ayrshire and Arran
323,2019Q2,S08000015,Lung,42,42,NHS Ayrshire and Arran
334,2019Q3,S08000015,Lung,48,48,NHS Ayrshire and Arran
347,2019Q4,S08000015,Lung,37,37,NHS Ayrshire and Arran
358,2020Q1,S08000015,Lung,33,33,NHS Ayrshire and Arran
371,2020Q2,S08000015,Lung,20,20,NHS Ayrshire and Arran
381,2020Q3,S08000015,Lung,42,42,NHS Ayrshire and Arran
392,2020Q4,S08000015,Lung,39,39,NHS Ayrshire and Arran
403,2021Q1,S08000015,Lung,46,46,NHS Ayrshire and Arran
415,2021Q2,S08000015,Lung,46,46,NHS Ayrshire and Arran
428,2021Q3,S08000015,Lung,33,33,NHS Ayrshire and Arran
438,2021Q4,S08000015,Lung,34,34,NHS Ayrshire and Arran
447,2021Q4,S08000015,Lung,1,1,NHS Ayrshire and Arran
454,2022Q1,S08000015,Lung,17,17,NHS Ayrshire and Arran
467,2022Q2,S08000015,Lung,31,31,NHS Ayrshire and Arran
478,2022Q3,S08000015,Lung,31,31,NHS Ayrshire and Arran
490,2012Q1,S08000017,Lung,17,17,NHS Dumfries and Galloway
500,2012Q2,S08000017,Lung,31,31,NHS Dumfries and Galloway
513,2012Q3,S08000017,Lung,11,11,NHS Dumfries and Galloway
526,2012Q4,S08000017,Lung,23,23,NHS Dumfries and Galloway
537,2013Q1,S08000017,Lung,20,20,NHS Dumfries and Galloway
547,2013Q2,S08000017,Lung,13,13,NHS Dumfries and Galloway
559,2013Q3,S08000017,Lung,22,22,NHS Dumfries and Galloway
571,2013Q4,S08000017,Lung,18,18,NHS Dumfries and Galloway
584,2014Q1,S08000017,Lung,5,5,NHS Dumfries and Galloway
596,2014Q2,S08000017,Lung,19,19,NHS Dumfries and Galloway
608,2014Q3,S08000017,Lung,29,29,NHS Dumfries and Galloway
621,2014Q4,S08000017,Lung,28,28,NHS Dumfries and Galloway
633,2015Q1,S08000017,Lung,27,27,NHS Dumfries and Galloway
646,2015Q2,S08000017,Lung,16,16,NHS Dumfries and Galloway
659,2015Q3,S08000017,Lung,20,20,NHS Dumfries and Galloway
672,2015Q4,S08000017,Lung,24,24,NHS Dumfries and Galloway
683,2016Q1,S08000017,Lung,19,19,NHS Dumfries and Galloway
695,2016Q2,S08000017,Lung,22,22,NHS Dumfries and Galloway
708,2016Q3,S08000017,Lung,25,25,NHS Dumfries and Galloway
718,2016Q4,S08000017,Lung,18,18,NHS Dumfries and Galloway
731,2017Q1,S08000017,Lung,20,20,NHS Dumfries and Galloway
744,2017Q2,S08000017,Lung,18,18,NHS Dumfries and Galloway
755,2017Q3,S08000017,Lung,16,16,NHS Dumfries and Galloway
768,2017Q4,S08000017,Lung,26,26,NHS Dumfries and Galloway
780,2018Q1,S08000017,Lung,24,24,NHS Dumfries and Galloway
793,2018Q2,S08000017,Lung,27,27,NHS Dumfries and Galloway
806,2018Q3,S08000017,Lung,28,28,NHS Dumfries and Galloway
818,2018Q4,S08000017,Lung,25,25,NHS Dumfries and Galloway
830,2019Q1,S08000017,Lung,36,36,NHS Dumfries and Galloway
843,2019Q2,S08000017,Lung,19,19,NHS Dumfries and Galloway
856,2019Q3,S08000017,Lung,24,24,NHS Dumfries and Galloway
866,2019Q4,S08000017,Lung,29,29,NHS Dumfries and Galloway
878,2020Q1,S08000017,Lung,27,27,NHS Dumfries and Galloway
889,2020Q2,S08000017,Lung,23,23,NHS Dumfries and Galloway
900,2020Q3,S08000017,Lung,28,28,NHS Dumfries and Galloway
912,2020Q4,S08000017,Lung,30,30,NHS Dumfries and Galloway
927,2021Q1,S08000017,Lung,23,23,NHS Dumfries and Galloway
939,2021Q2,S08000017,Lung,18,18,NHS Dumfries and Galloway
951,2021Q3,S08000017,Lung,24,24,NHS Dumfries and Galloway
963,2021Q4,S08000017,Lung,25,25,NHS Dumfries and Galloway
975,2022Q1,S08000017,Lung,27,27,NHS Dumfries and Galloway
986,2022Q2,S08000017,Lung,28,28,NHS Dumfries and Galloway
999,2022Q3,S08000017,Lung,29,29,NHS Dumfries and Galloway
1008,2012Q1,S08000020,Lung,1,1,NHS Grampian
1014,2012Q1,S08000020,Lung,68,68,NHS Grampian
1033,2012Q1,S08000020,Lung,2,2,NHS Grampian
1038,2012Q1,S08000020,Lung,1,1,NHS Grampian
1044,2012Q2,S08000020,Lung,68,68,NHS Grampian
1051,2012Q2,S08000020,Lung,2,2,NHS Grampian
1067,2012Q3,S08000020,Lung,85,85,NHS Grampian
1077,2012Q3,S08000020,Lung,2,2,NHS Grampian
1082,2012Q3,S08000020,Lung,3,3,NHS Grampian
1091,2012Q4,S08000020,Lung,74,74,NHS Grampian
1099,2012Q4,S08000020,Lung,4,4,NHS Grampian
1102,2012Q4,S08000020,Lung,1,1,NHS Grampian
1109,2012Q4,S08000020,Lung,2,2,NHS Grampian
1114,2012Q4,S08000020,Lung,2,2,NHS Grampian
1120,2013Q1,S08000020,Lung,83,81,NHS Grampian
1129,2013Q1,S08000020,Lung,1,1,NHS Grampian
1133,2013Q1,S08000020,Lung,1,1,NHS Grampian
1138,2013Q1,S08000020,Lung,1,1,NHS Grampian
1144,2013Q2,S08000020,Lung,82,82,NHS Grampian
1151,2013Q2,S08000020,Lung,3,3,NHS Grampian
1161,2013Q2,S08000020,Lung,1,1,NHS Grampian
1167,2013Q3,S08000020,Lung,79,78,NHS Grampian
1175,2013Q3,S08000020,Lung,2,2,NHS Grampian
1184,2013Q3,S08000020,Lung,1,1,NHS Grampian
1193,2013Q4,S08000020,Lung,84,84,NHS Grampian
1200,2013Q4,S08000020,Lung,3,3,NHS Grampian
1208,2013Q4,S08000020,Lung,2,2,NHS Grampian
1216,2014Q1,S08000020,Lung,86,84,NHS Grampian
1224,2014Q1,S08000020,Lung,4,4,NHS Grampian
1237,2014Q1,S08000020,Lung,1,1,NHS Grampian
1243,2014Q2,S08000020,Lung,89,88,NHS Grampian
1250,2014Q2,S08000020,Lung,3,3,NHS Grampian
1261,2014Q2,S08000020,Lung,1,1,NHS Grampian
1265,2014Q2,S08000020,Lung,2,2,NHS Grampian
1271,2014Q3,S08000020,Lung,103,103,NHS Grampian
1279,2014Q3,S08000020,Lung,3,3,NHS Grampian
1291,2014Q3,S08000020,Lung,2,2,NHS Grampian
1297,2014Q3,S08000020,Lung,1,1,NHS Grampian
1305,2014Q4,S08000020,Lung,101,100,NHS Grampian
1313,2014Q4,S08000020,Lung,4,4,NHS Grampian
1322,2014Q4,S08000020,Lung,1,1,NHS Grampian
1328,2015Q1,S08000020,Lung,78,77,NHS Grampian
1340,2015Q1,S08000020,Lung,2,2,NHS Grampian
1348,2015Q2,S08000020,Lung,89,89,NHS Grampian
1355,2015Q2,S08000020,Lung,1,1,NHS Grampian
1361,2015Q2,S08000020,Lung,1,1,NHS Grampian
1367,2015Q2,S08000020,Lung,2,1,NHS Grampian
1373,2015Q3,S08000020,Lung,89,89,NHS Grampian
1380,2015Q3,S08000020,Lung,2,2,NHS Grampian
1390,2015Q3,S08000020,Lung,1,1,NHS Grampian
1395,2015Q3,S08000020,Lung,2,2,NHS Grampian
1401,2015Q4,S08000020,Lung,75,74,NHS Grampian
1408,2015Q4,S08000020,Lung,1,1,NHS Grampian
1421,2015Q4,S08000020,Lung,1,1,NHS Grampian
1430,2016Q1,S08000020,Lung,94,93,NHS Grampian
1438,2016Q1,S08000020,Lung,3,3,NHS Grampian
1448,2016Q1,S08000020,Lung,2,2,NHS Grampian
1453,2016Q1,S08000020,Lung,6,6,NHS Grampian
1459,2016Q2,S08000020,Lung,92,90,NHS Grampian
1466,2016Q2,S08000020,Lung,4,4,NHS Grampian
1480,2016Q3,S08000020,Lung,95,90,NHS Grampian
1488,2016Q3,S08000020,Lung,4,4,NHS Grampian
1497,2016Q3,S08000020,Lung,3,2,NHS Grampian
1508,2016Q4,S08000020,Lung,97,96,NHS Grampian
1517,2016Q4,S08000020,Lung,2,2,NHS Grampian
1532,2016Q4,S08000020,Lung,1,1,NHS Grampian
1538,2017Q1,S08000020,Lung,93,93,NHS Grampian
1546,2017Q1,S08000020,Lung,2,2,NHS Grampian
1557,2017Q1,S08000020,Lung,1,1,NHS Grampian
1563,2017Q1,S08000020,Lung,1,1,NHS Grampian
1571,2017Q2,S08000020,Lung,94,92,NHS Grampian
1578,2017Q2,S08000020,Lung,1,1,NHS Grampian
1581,2017Q2,S08000020,Lung,1,1,NHS Grampian
1586,2017Q2,S08000020,Lung,1,1,NHS Grampian
1595,2017Q2,S08000020,Lung,1,1,NHS Grampian
1601,2017Q3,S08000020,Lung,89,85,NHS Grampian
1619,2017Q3,S08000020,Lung,1,1,NHS Grampian
1625,2017Q4,S08000020,Lung,116,113,NHS Grampian
1632,2017Q4,S08000020,Lung,3,3,NHS Grampian
1642,2017Q4,S08000020,Lung,2,2,NHS Grampian
1648,2017Q4,S08000020,Lung,2,2,NHS Grampian
1655,2018Q1,S08000020,Lung,103,92,NHS Grampian
1663,2018Q1,S08000020,Lung,2,1,NHS Grampian
1667,2018Q1,S08000020,Lung,2,2,NHS Grampian
1683,2018Q2,S08000020,Lung,120,114,NHS Grampian
1691,2018Q2,S08000020,Lung,3,3,NHS Grampian
1696,2018Q2,S08000020,Lung,2,2,NHS Grampian
1702,2018Q2,S08000020,Lung,4,4,NHS Grampian
1709,2018Q2,S08000020,Lung,1,1,NHS Grampian
1716,2018Q3,S08000020,Lung,107,105,NHS Grampian
1739,2018Q4,S08000020,Lung,112,109,NHS Grampian
1751,2018Q4,S08000020,Lung,1,1,NHS Grampian
1758,2018Q4,S08000020,Lung,1,1,NHS Grampian
1769,2019Q1,S08000020,Lung,96,94,NHS Grampian
1777,2019Q1,S08000020,Lung,2,2,NHS Grampian
1781,2019Q1,S08000020,Lung,1,1,NHS Grampian
1800,2019Q2,S08000020,Lung,118,110,NHS Grampian
1808,2019Q2,S08000020,Lung,1,1,NHS Grampian
1812,2019Q2,S08000020,Lung,2,1,NHS Grampian
1818,2019Q2,S08000020,Lung,1,1,NHS Grampian
1825,2019Q2,S08000020,Lung,2,2,NHS Grampian
1831,2019Q3,S08000020,Lung,124,121,NHS Grampian
1838,2019Q3,S08000020,Lung,4,4,NHS Grampian
1843,2019Q3,S08000020,Lung,1,1,NHS Grampian
1854,2019Q3,S08000020,Lung,4,4,NHS Grampian
1861,2019Q4,S08000020,Lung,98,95,NHS Grampian
1868,2019Q4,S08000020,Lung,2,2,NHS Grampian
1873,2019Q4,S08000020,Lung,1,1,NHS Grampian
1877,2019Q4,S08000020,Lung,1,1,NHS Grampian
1882,2019Q4,S08000020,Lung,1,1,NHS Grampian
1885,2019Q4,S08000020,Lung,1,1,NHS Grampian
1894,2020Q1,S08000020,Lung,103,103,NHS Grampian
1903,2020Q1,S08000020,Lung,2,2,NHS Grampian
1907,2020Q1,S08000020,Lung,1,1,NHS Grampian
1911,2020Q1,S08000020,Lung,1,1,NHS Grampian
1917,2020Q1,S08000020,Lung,1,1,NHS Grampian
1925,2020Q2,S08000020,Lung,96,95,NHS Grampian
1932,2020Q2,S08000020,Lung,1,1,NHS Grampian
1950,2020Q3,S08000020,Lung,91,91,NHS Grampian
1958,2020Q3,S08000020,Lung,1,1,NHS Grampian
1963,2020Q3,S08000020,Lung,1,1,NHS Grampian
1968,2020Q3,S08000020,Lung,1,1,NHS Grampian
1980,2020Q4,S08000020,Lung,91,90,NHS Grampian
1995,2020Q4,S08000020,Lung,3,3,NHS Grampian
2005,2021Q1,S08000020,Lung,90,90,NHS Grampian
2012,2021Q1,S08000020,Lung,1,1,NHS Grampian
2026,2021Q1,S08000020,Lung,2,2,NHS Grampian
2033,2021Q2,S08000020,Lung,118,116,NHS Grampian
2044,2021Q2,S08000020,Lung,1,0,NHS Grampian
2052,2021Q2,S08000020,Lung,1,1,NHS Grampian
2057,2021Q2,S08000020,Lung,2,2,NHS Grampian
2065,2021Q3,S08000020,Lung,94,92,NHS Grampian
2072,2021Q3,S08000020,Lung,1,1,NHS Grampian
2083,2021Q3,S08000020,Lung,2,2,NHS Grampian
2090,2021Q3,S08000020,Lung,3,3,NHS Grampian
2098,2021Q4,S08000020,Lung,83,82,NHS Grampian
2105,2021Q4,S08000020,Lung,1,1,NHS Grampian
2114,2021Q4,S08000020,Lung,2,2,NHS Grampian
2117,2021Q4,S08000020,Lung,3,3,NHS Grampian
2123,2022Q1,S08000020,Lung,97,97,NHS Grampian
2139,2022Q1,S08000020,Lung,1,1,NHS Grampian
2147,2022Q1,S08000020,Lung,1,1,NHS Grampian
2154,2022Q2,S08000020,Lung,102,102,NHS Grampian
2173,2022Q2,S08000020,Lung,7,7,NHS Grampian
2181,2022Q3,S08000020,Lung,87,82,NHS Grampian
2195,2022Q3,S08000020,Lung,3,3,NHS Grampian
2201,2022Q3,S08000020,Lung,2,2,NHS Grampian
2208,2012Q1,S08000031,Lung,15,15,NHS Greater Glasgow and Clyde
2221,2012Q1,S08000031,Lung,22,21,NHS Greater Glasgow and Clyde
2226,2012Q1,S08000031,Lung,4,4,NHS Greater Glasgow and Clyde
2234,2012Q1,S08000031,Lung,220,215,NHS Greater Glasgow and Clyde
2245,2012Q1,S08000031,Lung,38,36,NHS Greater Glasgow and Clyde
2256,2012Q2,S08000031,Lung,15,15,NHS Greater Glasgow and Clyde
2269,2012Q2,S08000031,Lung,14,14,NHS Greater Glasgow and Clyde
2276,2012Q2,S08000031,Lung,1,1,NHS Greater Glasgow and Clyde
2283,2012Q2,S08000031,Lung,1,1,NHS Greater Glasgow and Clyde
2290,2012Q2,S08000031,Lung,268,266,NHS Greater Glasgow and Clyde
2301,2012Q2,S08000031,Lung,27,26,NHS Greater Glasgow and Clyde
2310,2012Q3,S08000031,Lung,20,20,NHS Greater Glasgow and Clyde
2316,2012Q3,S08000031,Lung,1,1,NHS Greater Glasgow and Clyde
2322,2012Q3,S08000031,Lung,16,16,NHS Greater Glasgow and Clyde
2330,2012Q3,S08000031,Lung,4,4,NHS Greater Glasgow and Clyde
2342,2012Q3,S08000031,Lung,225,223,NHS Greater Glasgow and Clyde
2352,2012Q3,S08000031,Lung,27,26,NHS Greater Glasgow and Clyde
2362,2012Q4,S08000031,Lung,20,20,NHS Greater Glasgow and Clyde
2373,2012Q4,S08000031,Lung,21,21,NHS Greater Glasgow and Clyde
2380,2012Q4,S08000031,Lung,3,3,NHS Greater Glasgow and Clyde
2391,2012Q4,S08000031,Lung,271,271,NHS Greater Glasgow and Clyde
2402,2012Q4,S08000031,Lung,20,20,NHS Greater Glasgow and Clyde
2411,2013Q1,S08000031,Lung,28,28,NHS Greater Glasgow and Clyde
2422,2013Q1,S08000031,Lung,10,9,NHS Greater Glasgow and Clyde
2431,2013Q1,S08000031,Lung,6,6,NHS Greater Glasgow and Clyde
2444,2013Q1,S08000031,Lung,215,215,NHS Greater Glasgow and Clyde
2455,2013Q1,S08000031,Lung,20,19,NHS Greater Glasgow and Clyde
2465,2013Q2,S08000031,Lung,12,12,NHS Greater Glasgow and Clyde
2479,2013Q2,S08000031,Lung,17,17,NHS Greater Glasgow and Clyde
2486,2013Q2,S08000031,Lung,2,2,NHS Greater Glasgow and Clyde
2493,2013Q2,S08000031,Lung,1,1,NHS Greater Glasgow and Clyde
2500,2013Q2,S08000031,Lung,239,237,NHS Greater Glasgow and Clyde
2511,2013Q2,S08000031,Lung,22,22,NHS Greater Glasgow and Clyde
2522,2013Q3,S08000031,Lung,15,15,NHS Greater Glasgow and Clyde
2535,2013Q3,S08000031,Lung,18,18,NHS Greater Glasgow and Clyde
2542,2013Q3,S08000031,Lung,3,3,NHS Greater Glasgow and Clyde
2553,2013Q3,S08000031,Lung,220,220,NHS Greater Glasgow and Clyde
2564,2013Q3,S08000031,Lung,25,24,NHS Greater Glasgow and Clyde
2574,2013Q4,S08000031,Lung,15,15,NHS Greater Glasgow and Clyde
2584,2013Q4,S08000031,Lung,17,17,NHS Greater Glasgow and Clyde
2593,2013Q4,S08000031,Lung,2,2,NHS Greater Glasgow and Clyde
2602,2013Q4,S08000031,Lung,237,236,NHS Greater Glasgow and Clyde
2612,2013Q4,S08000031,Lung,23,23,NHS Greater Glasgow and Clyde
2622,2014Q1,S08000031,Lung,22,21,NHS Greater Glasgow and Clyde
2636,2014Q1,S08000031,Lung,12,12,NHS Greater Glasgow and Clyde
2655,2014Q1,S08000031,Lung,221,219,NHS Greater Glasgow and Clyde
2666,2014Q1,S08000031,Lung,34,33,NHS Greater Glasgow and Clyde
2676,2014Q2,S08000031,Lung,26,26,NHS Greater Glasgow and Clyde
2689,2014Q2,S08000031,Lung,16,15,NHS Greater Glasgow and Clyde
2698,2014Q2,S08000031,Lung,1,1,NHS Greater Glasgow and Clyde
2709,2014Q2,S08000031,Lung,250,248,NHS Greater Glasgow and Clyde
2720,2014Q2,S08000031,Lung,31,30,NHS Greater Glasgow and Clyde
2731,2014Q3,S08000031,Lung,12,12,NHS Greater Glasgow and Clyde
2744,2014Q3,S08000031,Lung,16,15,NHS Greater Glasgow and Clyde
2757,2014Q3,S08000031,Lung,1,1,NHS Greater Glasgow and Clyde
2763,2014Q3,S08000031,Lung,268,268,NHS Greater Glasgow and Clyde
2774,2014Q3,S08000031,Lung,25,25,NHS Greater Glasgow and Clyde
2785,2014Q4,S08000031,Lung,21,21,NHS Greater Glasgow and Clyde
2797,2014Q4,S08000031,Lung,16,16,NHS Greater Glasgow and Clyde
2805,2014Q4,S08000031,Lung,1,1,NHS Greater Glasgow and Clyde
2814,2014Q4,S08000031,Lung,240,240,NHS Greater Glasgow and Clyde
2825,2014Q4,S08000031,Lung,16,16,NHS Greater Glasgow and Clyde
2835,2015Q1,S08000031,Lung,14,14,NHS Greater Glasgow and Clyde
2848,2015Q1,S08000031,Lung,5,5,NHS Greater Glasgow and Clyde
2854,2015Q1,S08000031,Lung,1,1,NHS Greater Glasgow and Clyde
2867,2015Q1,S08000031,Lung,263,261,NHS Greater Glasgow and Clyde
2877,2015Q1,S08000031,Lung,39,38,NHS Greater Glasgow and Clyde
2888,2015Q2,S08000031,Lung,11,11,NHS Greater Glasgow and Clyde
2903,2015Q2,S08000031,Lung,10,10,NHS Greater Glasgow and Clyde
2911,2015Q2,S08000031,Lung,3,3,NHS Greater Glasgow and Clyde
2924,2015Q2,S08000031,Lung,266,263,NHS Greater Glasgow and Clyde
2935,2015Q2,S08000031,Lung,27,27,NHS Greater Glasgow and Clyde
2945,2015Q3,S08000031,Lung,21,21,NHS Greater Glasgow and Clyde
2959,2015Q3,S08000031,Lung,6,6,NHS Greater Glasgow and Clyde
2965,2015Q3,S08000031,Lung,1,1,NHS Greater Glasgow and Clyde
2974,2015Q3,S08000031,Lung,247,247,NHS Greater Glasgow and Clyde
2985,2015Q3,S08000031,Lung,28,28,NHS Greater Glasgow and Clyde
2994,2015Q4,S08000031,Lung,12,12,NHS Greater Glasgow and Clyde
3008,2015Q4,S08000031,Lung,19,19,NHS Greater Glasgow and Clyde
3016,2015Q4,S08000031,Lung,2,2,NHS Greater Glasgow and Clyde
3027,2015Q4,S08000031,Lung,251,251,NHS Greater Glasgow and Clyde
3038,2015Q4,S08000031,Lung,14,14,NHS Greater Glasgow and Clyde
3049,2016Q1,S08000031,Lung,16,16,NHS Greater Glasgow and Clyde
3061,2016Q1,S08000031,Lung,18,18,NHS Greater Glasgow and Clyde
3067,2016Q1,S08000031,Lung,1,1,NHS Greater Glasgow and Clyde
3075,2016Q1,S08000031,Lung,251,251,NHS Greater Glasgow and Clyde
3086,2016Q1,S08000031,Lung,10,10,NHS Greater Glasgow and Clyde
3097,2016Q2,S08000031,Lung,14,14,NHS Greater Glasgow and Clyde
3108,2016Q2,S08000031,Lung,9,9,NHS Greater Glasgow and Clyde
3114,2016Q2,S08000031,Lung,3,3,NHS Greater Glasgow and Clyde
3122,2016Q2,S08000031,Lung,1,1,NHS Greater Glasgow and Clyde
3131,2016Q2,S08000031,Lung,241,240,NHS Greater Glasgow and Clyde
3142,2016Q2,S08000031,Lung,13,13,NHS Greater Glasgow and Clyde
3152,2016Q3,S08000031,Lung,17,17,NHS Greater Glasgow and Clyde
3164,2016Q3,S08000031,Lung,11,11,NHS Greater Glasgow and Clyde
3172,2016Q3,S08000031,Lung,3,3,NHS Greater Glasgow and Clyde
3185,2016Q3,S08000031,Lung,243,243,NHS Greater Glasgow and Clyde
3196,2016Q3,S08000031,Lung,17,17,NHS Greater Glasgow and Clyde
3207,2016Q4,S08000031,Lung,15,15,NHS Greater Glasgow and Clyde
3219,2016Q4,S08000031,Lung,14,14,NHS Greater Glasgow and Clyde
3227,2016Q4,S08000031,Lung,1,1,NHS Greater Glasgow and Clyde
3240,2016Q4,S08000031,Lung,246,243,NHS Greater Glasgow and Clyde
3250,2016Q4,S08000031,Lung,19,19,NHS Greater Glasgow and Clyde
3260,2017Q1,S08000031,Lung,12,12,NHS Greater Glasgow and Clyde
3273,2017Q1,S08000031,Lung,17,17,NHS Greater Glasgow and Clyde
3281,2017Q1,S08000031,Lung,1,1,NHS Greater Glasgow and Clyde
3298,2017Q1,S08000031,Lung,245,245,NHS Greater Glasgow and Clyde
3308,2017Q1,S08000031,Lung,22,22,NHS Greater Glasgow and Clyde
3319,2017Q2,S08000031,Lung,9,9,NHS Greater Glasgow and Clyde
3326,2017Q2,S08000031,Lung,1,1,NHS Greater Glasgow and Clyde
3332,2017Q2,S08000031,Lung,11,10,NHS Greater Glasgow and Clyde
3339,2017Q2,S08000031,Lung,2,2,NHS Greater Glasgow and Clyde
3350,2017Q2,S08000031,Lung,280,279,NHS Greater Glasgow and Clyde
3361,2017Q2,S08000031,Lung,22,22,NHS Greater Glasgow and Clyde
3371,2017Q3,S08000031,Lung,12,11,NHS Greater Glasgow and Clyde
3381,2017Q3,S08000031,Lung,9,8,NHS Greater Glasgow and Clyde
3388,2017Q3,S08000031,Lung,1,1,NHS Greater Glasgow and Clyde
3400,2017Q3,S08000031,Lung,256,253,NHS Greater Glasgow and Clyde
3411,2017Q3,S08000031,Lung,16,16,NHS Greater Glasgow and Clyde
3420,2017Q4,S08000031,Lung,12,12,NHS Greater Glasgow and Clyde
3434,2017Q4,S08000031,Lung,14,12,NHS Greater Glasgow and Clyde
3451,2017Q4,S08000031,Lung,233,230,NHS Greater Glasgow and Clyde
3462,2017Q4,S08000031,Lung,28,28,NHS Greater Glasgow and Clyde
3473,2018Q1,S08000031,Lung,9,9,NHS Greater Glasgow and Clyde
3483,2018Q1,S08000031,Lung,12,11,NHS Greater Glasgow and Clyde
3489,2018Q1,S08000031,Lung,1,1,NHS Greater Glasgow and Clyde
3493,2018Q1,S08000031,Lung,4,4,NHS Greater Glasgow and Clyde
3503,2018Q1,S08000031,Lung,261,258,NHS Greater Glasgow and Clyde
3514,2018Q1,S08000031,Lung,25,25,NHS Greater Glasgow and Clyde
3524,2018Q2,S08000031,Lung,10,10,NHS Greater Glasgow and Clyde
3534,2018Q2,S08000031,Lung,11,11,NHS Greater Glasgow and Clyde
3550,2018Q2,S08000031,Lung,209,205,NHS Greater Glasgow and Clyde
3560,2018Q2,S08000031,Lung,22,22,NHS Greater Glasgow and Clyde
3571,2018Q3,S08000031,Lung,9,9,NHS Greater Glasgow and Clyde
3581,2018Q3,S08000031,Lung,13,12,NHS Greater Glasgow and Clyde
3586,2018Q3,S08000031,Lung,1,1,NHS Greater Glasgow and Clyde
3599,2018Q3,S08000031,Lung,253,240,NHS Greater Glasgow and Clyde
3610,2018Q3,S08000031,Lung,18,18,NHS Greater Glasgow and Clyde
3620,2018Q4,S08000031,Lung,10,10,NHS Greater Glasgow and Clyde
3632,2018Q4,S08000031,Lung,13,11,NHS Greater Glasgow and Clyde
3639,2018Q4,S08000031,Lung,2,2,NHS Greater Glasgow and Clyde
3649,2018Q4,S08000031,Lung,251,238,NHS Greater Glasgow and Clyde
3660,2018Q4,S08000031,Lung,32,27,NHS Greater Glasgow and Clyde
3671,2019Q1,S08000031,Lung,6,6,NHS Greater Glasgow and Clyde
3682,2019Q1,S08000031,Lung,6,6,NHS Greater Glasgow and Clyde
3702,2019Q1,S08000031,Lung,246,237,NHS Greater Glasgow and Clyde
3713,2019Q1,S08000031,Lung,10,10,NHS Greater Glasgow and Clyde
3724,2019Q2,S08000031,Lung,15,15,NHS Greater Glasgow and Clyde
3738,2019Q2,S08000031,Lung,5,5,NHS Greater Glasgow and Clyde
3754,2019Q2,S08000031,Lung,296,278,NHS Greater Glasgow and Clyde
3765,2019Q2,S08000031,Lung,21,19,NHS Greater Glasgow and Clyde
3776,2019Q3,S08000031,Lung,10,10,NHS Greater Glasgow and Clyde
3789,2019Q3,S08000031,Lung,17,16,NHS Greater Glasgow and Clyde
3796,2019Q3,S08000031,Lung,2,2,NHS Greater Glasgow and Clyde
3804,2019Q3,S08000031,Lung,288,276,NHS Greater Glasgow and Clyde
3815,2019Q3,S08000031,Lung,24,22,NHS Greater Glasgow and Clyde
3825,2019Q4,S08000031,Lung,15,15,NHS Greater Glasgow and Clyde
3835,2019Q4,S08000031,Lung,12,12,NHS Greater Glasgow and Clyde
3841,2019Q4,S08000031,Lung,1,1,NHS Greater Glasgow and Clyde
3858,2019Q4,S08000031,Lung,275,273,NHS Greater Glasgow and Clyde
3869,2019Q4,S08000031,Lung,23,23,NHS Greater Glasgow and Clyde
3879,2020Q1,S08000031,Lung,15,15,NHS Greater Glasgow and Clyde
3891,2020Q1,S08000031,Lung,7,6,NHS Greater Glasgow and Clyde
3909,2020Q1,S08000031,Lung,223,221,NHS Greater Glasgow and Clyde
3920,2020Q1,S08000031,Lung,19,19,NHS Greater Glasgow and Clyde
3930,2020Q2,S08000031,Lung,24,24,NHS Greater Glasgow and Clyde
3943,2020Q2,S08000031,Lung,14,13,NHS Greater Glasgow and Clyde
3948,2020Q2,S08000031,Lung,1,1,NHS Greater Glasgow and Clyde
3963,2020Q2,S08000031,Lung,188,188,NHS Greater Glasgow and Clyde
3974,2020Q2,S08000031,Lung,16,16,NHS Greater Glasgow and Clyde
3983,2020Q3,S08000031,Lung,6,6,NHS Greater Glasgow and Clyde
3992,2020Q3,S08000031,Lung,8,7,NHS Greater Glasgow and Clyde
3999,2020Q3,S08000031,Lung,2,2,NHS Greater Glasgow and Clyde
4011,2020Q3,S08000031,Lung,212,212,NHS Greater Glasgow and Clyde
4022,2020Q3,S08000031,Lung,21,20,NHS Greater Glasgow and Clyde
4032,2020Q4,S08000031,Lung,3,3,NHS Greater Glasgow and Clyde
4043,2020Q4,S08000031,Lung,9,7,NHS Greater Glasgow and Clyde
4051,2020Q4,S08000031,Lung,2,2,NHS Greater Glasgow and Clyde
4064,2020Q4,S08000031,Lung,266,266,NHS Greater Glasgow and Clyde
4074,2020Q4,S08000031,Lung,15,15,NHS Greater Glasgow and Clyde
4083,2021Q1,S08000031,Lung,27,27,NHS Greater Glasgow and Clyde
4096,2021Q1,S08000031,Lung,10,7,NHS Greater Glasgow and Clyde
4104,2021Q1,S08000031,Lung,3,2,NHS Greater Glasgow and Clyde
4117,2021Q1,S08000031,Lung,272,271,NHS Greater Glasgow and Clyde
4128,2021Q1,S08000031,Lung,26,25,NHS Greater Glasgow and Clyde
4139,2021Q2,S08000031,Lung,20,19,NHS Greater Glasgow and Clyde
4150,2021Q2,S08000031,Lung,8,6,NHS Greater Glasgow and Clyde
4162,2021Q2,S08000031,Lung,291,291,NHS Greater Glasgow and Clyde
4173,2021Q2,S08000031,Lung,22,22,NHS Greater Glasgow and Clyde
4183,2021Q3,S08000031,Lung,16,16,NHS Greater Glasgow and Clyde
4196,2021Q3,S08000031,Lung,13,13,NHS Greater Glasgow and Clyde
4215,2021Q3,S08000031,Lung,246,245,NHS Greater Glasgow and Clyde
4226,2021Q3,S08000031,Lung,21,21,NHS Greater Glasgow and Clyde
4236,2021Q4,S08000031,Lung,13,13,NHS Greater Glasgow and Clyde
4248,2021Q4,S08000031,Lung,13,8,NHS Greater Glasgow and Clyde
4258,2021Q4,S08000031,Lung,1,1,NHS Greater Glasgow and Clyde
4271,2021Q4,S08000031,Lung,239,237,NHS Greater Glasgow and Clyde
4281,2021Q4,S08000031,Lung,17,15,NHS Greater Glasgow and Clyde
4291,2022Q1,S08000031,Lung,7,7,NHS Greater Glasgow and Clyde
4304,2022Q1,S08000031,Lung,14,11,NHS Greater Glasgow and Clyde
4328,2022Q1,S08000031,Lung,244,242,NHS Greater Glasgow and Clyde
4338,2022Q1,S08000031,Lung,18,17,NHS Greater Glasgow and Clyde
4349,2022Q2,S08000031,Lung,3,3,NHS Greater Glasgow and Clyde
4362,2022Q2,S08000031,Lung,9,8,NHS Greater Glasgow and Clyde
4379,2022Q2,S08000031,Lung,249,249,NHS Greater Glasgow and Clyde
4390,2022Q2,S08000031,Lung,21,19,NHS Greater Glasgow and Clyde
4400,2022Q3,S08000031,Lung,9,9,NHS Greater Glasgow and Clyde
4416,2022Q3,S08000031,Lung,9,7,NHS Greater Glasgow and Clyde
4423,2022Q3,S08000031,Lung,1,1,NHS Greater Glasgow and Clyde
4439,2022Q3,S08000031,Lung,286,285,NHS Greater Glasgow and Clyde
4449,2022Q3,S08000031,Lung,19,19,NHS Greater Glasgow and Clyde
4459,2012Q1,S08000016,Lung,19,19,NHS Borders
4472,2012Q2,S08000016,Lung,14,14,NHS Borders
4485,2012Q3,S08000016,Lung,13,13,NHS Borders
4495,2012Q4,S08000016,Lung,12,12,NHS Borders
4505,2013Q1,S08000016,Lung,10,10,NHS Borders
4515,2013Q2,S08000016,Lung,11,11,NHS Borders
4527,2013Q3,S08000016,Lung,9,9,NHS Borders
4538,2013Q4,S08000016,Lung,13,13,NHS Borders
4548,2014Q1,S08000016,Lung,10,10,NHS Borders
4559,2014Q2,S08000016,Lung,14,14,NHS Borders
4568,2014Q3,S08000016,Lung,16,16,NHS Borders
4580,2014Q4,S08000016,Lung,16,16,NHS Borders
4592,2015Q1,S08000016,Lung,7,7,NHS Borders
4604,2015Q2,S08000016,Lung,12,12,NHS Borders
4616,2015Q3,S08000016,Lung,18,18,NHS Borders
4627,2015Q4,S08000016,Lung,8,8,NHS Borders
4636,2016Q1,S08000016,Lung,9,9,NHS Borders
4648,2016Q2,S08000016,Lung,13,13,NHS Borders
4658,2016Q3,S08000016,Lung,18,18,NHS Borders
4671,2016Q4,S08000016,Lung,8,8,NHS Borders
4684,2017Q1,S08000016,Lung,17,17,NHS Borders
4696,2017Q2,S08000016,Lung,18,18,NHS Borders
4708,2017Q3,S08000016,Lung,13,13,NHS Borders
4718,2017Q4,S08000016,Lung,16,16,NHS Borders
4732,2018Q1,S08000016,Lung,18,18,NHS Borders
4742,2018Q2,S08000016,Lung,20,20,NHS Borders
4753,2018Q3,S08000016,Lung,19,19,NHS Borders
4762,2018Q4,S08000016,Lung,8,8,NHS Borders
4773,2019Q1,S08000016,Lung,16,16,NHS Borders
4784,2019Q2,S08000016,Lung,11,11,NHS Borders
4793,2019Q3,S08000016,Lung,19,19,NHS Borders
4803,2019Q4,S08000016,Lung,6,6,NHS Borders
4816,2020Q1,S08000016,Lung,11,11,NHS Borders
4828,2020Q2,S08000016,Lung,18,18,NHS Borders
4838,2020Q3,S08000016,Lung,10,10,NHS Borders
4848,2020Q4,S08000016,Lung,10,10,NHS Borders
4860,2021Q1,S08000016,Lung,15,15,NHS Borders
4869,2021Q2,S08000016,Lung,16,16,NHS Borders
4881,2021Q3,S08000016,Lung,20,20,NHS Borders
4894,2021Q4,S08000016,Lung,6,6,NHS Borders
4906,2022Q1,S08000016,Lung,14,14,NHS Borders
4916,2022Q2,S08000016,Lung,15,15,NHS Borders
4927,2022Q3,S08000016,Lung,9,9,NHS Borders
4939,2012Q1,S08000024,Lung,6,6,NHS Lothian
4948,2012Q1,S08000024,Lung,3,3,NHS Lothian
4954,2012Q1,S08000024,Lung,1,1,NHS Lothian
4966,2012Q1,S08000024,Lung,175,175,NHS Lothian
4977,2012Q1,S08000024,Lung,23,22,NHS Lothian
4983,2012Q1,S08000024,Lung,6,6,NHS Lothian
4991,2012Q2,S08000024,Lung,1,1,NHS Lothian
4999,2012Q2,S08000024,Lung,10,10,NHS Lothian
5008,2012Q2,S08000024,Lung,1,1,NHS Lothian
5014,2012Q2,S08000024,Lung,162,162,NHS Lothian
5024,2012Q2,S08000024,Lung,23,23,NHS Lothian
5030,2012Q2,S08000024,Lung,9,9,NHS Lothian
5043,2012Q3,S08000024,Lung,5,5,NHS Lothian
5052,2012Q3,S08000024,Lung,4,4,NHS Lothian
5066,2012Q3,S08000024,Lung,151,149,NHS Lothian
5077,2012Q3,S08000024,Lung,23,23,NHS Lothian
5083,2012Q3,S08000024,Lung,2,2,NHS Lothian
5091,2012Q4,S08000024,Lung,9,9,NHS Lothian
5100,2012Q4,S08000024,Lung,3,3,NHS Lothian
5115,2012Q4,S08000024,Lung,138,137,NHS Lothian
5127,2012Q4,S08000024,Lung,31,30,NHS Lothian
5134,2012Q4,S08000024,Lung,8,8,NHS Lothian
5147,2013Q1,S08000024,Lung,8,8,NHS Lothian
5156,2013Q1,S08000024,Lung,2,2,NHS Lothian
5169,2013Q1,S08000024,Lung,129,128,NHS Lothian
5180,2013Q1,S08000024,Lung,19,19,NHS Lothian
5185,2013Q1,S08000024,Lung,6,6,NHS Lothian
5195,2013Q2,S08000024,Lung,6,6,NHS Lothian
5205,2013Q2,S08000024,Lung,5,5,NHS Lothian
5219,2013Q2,S08000024,Lung,154,154,NHS Lothian
5232,2013Q2,S08000024,Lung,30,30,NHS Lothian
5238,2013Q2,S08000024,Lung,6,6,NHS Lothian
5250,2013Q3,S08000024,Lung,4,4,NHS Lothian
5258,2013Q3,S08000024,Lung,3,3,NHS Lothian
5275,2013Q3,S08000024,Lung,174,173,NHS Lothian
5285,2013Q3,S08000024,Lung,21,21,NHS Lothian
5299,2013Q4,S08000024,Lung,8,8,NHS Lothian
5308,2013Q4,S08000024,Lung,10,10,NHS Lothian
5323,2013Q4,S08000024,Lung,149,149,NHS Lothian
5334,2013Q4,S08000024,Lung,19,17,NHS Lothian
5340,2013Q4,S08000024,Lung,4,4,NHS Lothian
5350,2014Q1,S08000024,Lung,9,9,NHS Lothian
5358,2014Q1,S08000024,Lung,10,10,NHS Lothian
5373,2014Q1,S08000024,Lung,125,123,NHS Lothian
5383,2014Q1,S08000024,Lung,29,28,NHS Lothian
5390,2014Q1,S08000024,Lung,3,3,NHS Lothian
5401,2014Q2,S08000024,Lung,3,3,NHS Lothian
5407,2014Q2,S08000024,Lung,6,6,NHS Lothian
5415,2014Q2,S08000024,Lung,1,1,NHS Lothian
5417,2014Q2,S08000024,Lung,1,1,NHS Lothian
5425,2014Q2,S08000024,Lung,157,151,NHS Lothian
5435,2014Q2,S08000024,Lung,34,30,NHS Lothian
5441,2014Q2,S08000024,Lung,8,7,NHS Lothian
5454,2014Q3,S08000024,Lung,11,11,NHS Lothian
5464,2014Q3,S08000024,Lung,14,14,NHS Lothian
5479,2014Q3,S08000024,Lung,155,155,NHS Lothian
5489,2014Q3,S08000024,Lung,22,22,NHS Lothian
5494,2014Q3,S08000024,Lung,5,4,NHS Lothian
5508,2014Q4,S08000024,Lung,12,12,NHS Lothian
5514,2014Q4,S08000024,Lung,6,6,NHS Lothian
5527,2014Q4,S08000024,Lung,170,170,NHS Lothian
5538,2014Q4,S08000024,Lung,23,22,NHS Lothian
5544,2014Q4,S08000024,Lung,4,4,NHS Lothian
5554,2015Q1,S08000024,Lung,5,5,NHS Lothian
5563,2015Q1,S08000024,Lung,9,9,NHS Lothian
5576,2015Q1,S08000024,Lung,154,154,NHS Lothian
5587,2015Q1,S08000024,Lung,35,34,NHS Lothian
5592,2015Q1,S08000024,Lung,4,4,NHS Lothian
5606,2015Q2,S08000024,Lung,8,8,NHS Lothian
5615,2015Q2,S08000024,Lung,6,6,NHS Lothian
5619,2015Q2,S08000024,Lung,1,1,NHS Lothian
5628,2015Q2,S08000024,Lung,125,125,NHS Lothian
5638,2015Q2,S08000024,Lung,26,26,NHS Lothian
5644,2015Q2,S08000024,Lung,2,2,NHS Lothian
5655,2015Q3,S08000024,Lung,4,4,NHS Lothian
5662,2015Q3,S08000024,Lung,4,4,NHS Lothian
5676,2015Q3,S08000024,Lung,142,142,NHS Lothian
5686,2015Q3,S08000024,Lung,29,29,NHS Lothian
5691,2015Q3,S08000024,Lung,2,2,NHS Lothian
5702,2015Q4,S08000024,Lung,3,3,NHS Lothian
5711,2015Q4,S08000024,Lung,5,5,NHS Lothian
5725,2015Q4,S08000024,Lung,96,96,NHS Lothian
5735,2015Q4,S08000024,Lung,21,21,NHS Lothian
5749,2016Q1,S08000024,Lung,8,8,NHS Lothian
5755,2016Q1,S08000024,Lung,9,9,NHS Lothian
5771,2016Q1,S08000024,Lung,134,134,NHS Lothian
5781,2016Q1,S08000024,Lung,25,25,NHS Lothian
5786,2016Q1,S08000024,Lung,1,1,NHS Lothian
5795,2016Q2,S08000024,Lung,6,5,NHS Lothian
5804,2016Q2,S08000024,Lung,9,9,NHS Lothian
5810,2016Q2,S08000024,Lung,1,1,NHS Lothian
5819,2016Q2,S08000024,Lung,125,124,NHS Lothian
5829,2016Q2,S08000024,Lung,25,25,NHS Lothian
5833,2016Q2,S08000024,Lung,3,3,NHS Lothian
5842,2016Q3,S08000024,Lung,6,6,NHS Lothian
5852,2016Q3,S08000024,Lung,1,1,NHS Lothian
5868,2016Q3,S08000024,Lung,132,132,NHS Lothian
5878,2016Q3,S08000024,Lung,32,32,NHS Lothian
5883,2016Q3,S08000024,Lung,1,1,NHS Lothian
5896,2016Q4,S08000024,Lung,8,8,NHS Lothian
5904,2016Q4,S08000024,Lung,6,6,NHS Lothian
5918,2016Q4,S08000024,Lung,153,153,NHS Lothian
5929,2016Q4,S08000024,Lung,31,31,NHS Lothian
5935,2016Q4,S08000024,Lung,9,9,NHS Lothian
5945,2017Q1,S08000024,Lung,3,3,NHS Lothian
5952,2017Q1,S08000024,Lung,3,3,NHS Lothian
5968,2017Q1,S08000024,Lung,179,179,NHS Lothian
5979,2017Q1,S08000024,Lung,31,30,NHS Lothian
5984,2017Q1,S08000024,Lung,8,8,NHS Lothian
5995,2017Q2,S08000024,Lung,6,6,NHS Lothian
6003,2017Q2,S08000024,Lung,10,9,NHS Lothian
6019,2017Q2,S08000024,Lung,175,175,NHS Lothian
6031,2017Q2,S08000024,Lung,29,28,NHS Lothian
6037,2017Q2,S08000024,Lung,10,10,NHS Lothian
6045,2017Q3,S08000024,Lung,9,9,NHS Lothian
6054,2017Q3,S08000024,Lung,5,5,NHS Lothian
6068,2017Q3,S08000024,Lung,146,146,NHS Lothian
6079,2017Q3,S08000024,Lung,24,24,NHS Lothian
6085,2017Q3,S08000024,Lung,8,8,NHS Lothian
6096,2017Q4,S08000024,Lung,8,8,NHS Lothian
6104,2017Q4,S08000024,Lung,7,7,NHS Lothian
6119,2017Q4,S08000024,Lung,142,141,NHS Lothian
6130,2017Q4,S08000024,Lung,27,26,NHS Lothian
6136,2017Q4,S08000024,Lung,10,10,NHS Lothian
6148,2018Q1,S08000024,Lung,15,14,NHS Lothian
6157,2018Q1,S08000024,Lung,1,1,NHS Lothian
6163,2018Q1,S08000024,Lung,2,2,NHS Lothian
6170,2018Q1,S08000024,Lung,116,116,NHS Lothian
6180,2018Q1,S08000024,Lung,19,19,NHS Lothian
6184,2018Q1,S08000024,Lung,7,7,NHS Lothian
6191,2018Q2,S08000024,Lung,5,5,NHS Lothian
6198,2018Q2,S08000024,Lung,6,6,NHS Lothian
6213,2018Q2,S08000024,Lung,102,101,NHS Lothian
6223,2018Q2,S08000024,Lung,31,23,NHS Lothian
6228,2018Q2,S08000024,Lung,14,9,NHS Lothian
6238,2018Q3,S08000024,Lung,9,8,NHS Lothian
6247,2018Q3,S08000024,Lung,7,7,NHS Lothian
6262,2018Q3,S08000024,Lung,104,104,NHS Lothian
6273,2018Q3,S08000024,Lung,30,28,NHS Lothian
6279,2018Q3,S08000024,Lung,12,11,NHS Lothian
6288,2018Q4,S08000024,Lung,12,10,NHS Lothian
6297,2018Q4,S08000024,Lung,9,9,NHS Lothian
6312,2018Q4,S08000024,Lung,178,175,NHS Lothian
6322,2018Q4,S08000024,Lung,37,32,NHS Lothian
6326,2018Q4,S08000024,Lung,16,13,NHS Lothian
6336,2019Q1,S08000024,Lung,10,10,NHS Lothian
6345,2019Q1,S08000024,Lung,2,2,NHS Lothian
6362,2019Q1,S08000024,Lung,175,171,NHS Lothian
6373,2019Q1,S08000024,Lung,26,19,NHS Lothian
6378,2019Q1,S08000024,Lung,7,6,NHS Lothian
6388,2019Q2,S08000024,Lung,8,8,NHS Lothian
6396,2019Q2,S08000024,Lung,6,5,NHS Lothian
6410,2019Q2,S08000024,Lung,155,151,NHS Lothian
6421,2019Q2,S08000024,Lung,26,25,NHS Lothian
6426,2019Q2,S08000024,Lung,9,8,NHS Lothian
6434,2019Q3,S08000024,Lung,13,13,NHS Lothian
6444,2019Q3,S08000024,Lung,7,7,NHS Lothian
6461,2019Q3,S08000024,Lung,159,154,NHS Lothian
6472,2019Q3,S08000024,Lung,41,37,NHS Lothian
6477,2019Q3,S08000024,Lung,7,7,NHS Lothian
6491,2019Q4,S08000024,Lung,14,14,NHS Lothian
6499,2019Q4,S08000024,Lung,4,4,NHS Lothian
6515,2019Q4,S08000024,Lung,157,157,NHS Lothian
6526,2019Q4,S08000024,Lung,28,27,NHS Lothian
6531,2019Q4,S08000024,Lung,8,8,NHS Lothian
6540,2020Q1,S08000024,Lung,1,1,NHS Lothian
6548,2020Q1,S08000024,Lung,5,5,NHS Lothian
6564,2020Q1,S08000024,Lung,153,153,NHS Lothian
6573,2020Q1,S08000024,Lung,21,20,NHS Lothian
6579,2020Q1,S08000024,Lung,11,10,NHS Lothian
6589,2020Q2,S08000024,Lung,10,10,NHS Lothian
6596,2020Q2,S08000024,Lung,2,2,NHS Lothian
6611,2020Q2,S08000024,Lung,150,149,NHS Lothian
6623,2020Q2,S08000024,Lung,20,20,NHS Lothian
6628,2020Q2,S08000024,Lung,9,9,NHS Lothian
6637,2020Q3,S08000024,Lung,5,5,NHS Lothian
6646,2020Q3,S08000024,Lung,4,4,NHS Lothian
6661,2020Q3,S08000024,Lung,160,160,NHS Lothian
6671,2020Q3,S08000024,Lung,33,32,NHS Lothian
6677,2020Q3,S08000024,Lung,5,5,NHS Lothian
6687,2020Q4,S08000024,Lung,4,4,NHS Lothian
6697,2020Q4,S08000024,Lung,3,3,NHS Lothian
6711,2020Q4,S08000024,Lung,181,181,NHS Lothian
6724,2020Q4,S08000024,Lung,26,26,NHS Lothian
6729,2020Q4,S08000024,Lung,7,7,NHS Lothian
6744,2021Q1,S08000024,Lung,4,4,NHS Lothian
6763,2021Q1,S08000024,Lung,168,167,NHS Lothian
6773,2021Q1,S08000024,Lung,17,17,NHS Lothian
6778,2021Q1,S08000024,Lung,4,4,NHS Lothian
6785,2021Q2,S08000024,Lung,3,3,NHS Lothian
6792,2021Q2,S08000024,Lung,5,5,NHS Lothian
6809,2021Q2,S08000024,Lung,141,141,NHS Lothian
6821,2021Q2,S08000024,Lung,28,28,NHS Lothian
6827,2021Q2,S08000024,Lung,8,8,NHS Lothian
6835,2021Q3,S08000024,Lung,4,4,NHS Lothian
6844,2021Q3,S08000024,Lung,10,10,NHS Lothian
6861,2021Q3,S08000024,Lung,177,177,NHS Lothian
6871,2021Q3,S08000024,Lung,26,26,NHS Lothian
6877,2021Q3,S08000024,Lung,4,4,NHS Lothian
6888,2021Q4,S08000024,Lung,3,3,NHS Lothian
6898,2021Q4,S08000024,Lung,7,7,NHS Lothian
6914,2021Q4,S08000024,Lung,152,152,NHS Lothian
6925,2021Q4,S08000024,Lung,19,19,NHS Lothian
6930,2021Q4,S08000024,Lung,6,5,NHS Lothian
6939,2022Q1,S08000024,Lung,4,4,NHS Lothian
6946,2022Q1,S08000024,Lung,2,2,NHS Lothian
6961,2022Q1,S08000024,Lung,142,141,NHS Lothian
6974,2022Q1,S08000024,Lung,26,25,NHS Lothian
6979,2022Q1,S08000024,Lung,7,7,NHS Lothian
6981,2022Q1,S08000024,Lung,1,1,NHS Lothian
6992,2022Q2,S08000024,Lung,3,3,NHS Lothian
6998,2022Q2,S08000024,Lung,10,10,NHS Lothian
7016,2022Q2,S08000024,Lung,164,164,NHS Lothian
7029,2022Q2,S08000024,Lung,29,29,NHS Lothian
7034,2022Q2,S08000024,Lung,2,2,NHS Lothian
7041,2022Q3,S08000024,Lung,3,3,NHS Lothian
7051,2022Q3,S08000024,Lung,4,4,NHS Lothian
7064,2022Q3,S08000024,Lung,164,164,NHS Lothian
7075,2022Q3,S08000024,Lung,15,15,NHS Lothian
7079,2022Q3,S08000024,Lung,4,4,NHS Lothian
7089,2012Q1,S08000019,Lung,27,27,NHS Forth Valley
7102,2012Q2,S08000019,Lung,23,23,NHS Forth Valley
7119,2012Q3,S08000019,Lung,37,37,NHS Forth Valley
7131,2012Q4,S08000019,Lung,28,28,NHS Forth Valley
7143,2013Q1,S08000019,Lung,28,28,NHS Forth Valley
7153,2013Q2,S08000019,Lung,25,25,NHS Forth Valley
7166,2013Q3,S08000019,Lung,35,35,NHS Forth Valley
7179,2013Q4,S08000019,Lung,30,30,NHS Forth Valley
7194,2014Q1,S08000019,Lung,27,27,NHS Forth Valley
7209,2014Q2,S08000019,Lung,38,38,NHS Forth Valley
7222,2014Q3,S08000019,Lung,32,32,NHS Forth Valley
7235,2014Q4,S08000019,Lung,42,42,NHS Forth Valley
7250,2015Q1,S08000019,Lung,33,33,NHS Forth Valley
7265,2015Q2,S08000019,Lung,32,32,NHS Forth Valley
7277,2015Q3,S08000019,Lung,24,24,NHS Forth Valley
7289,2015Q4,S08000019,Lung,27,27,NHS Forth Valley
7302,2016Q1,S08000019,Lung,39,39,NHS Forth Valley
7314,2016Q2,S08000019,Lung,42,42,NHS Forth Valley
7326,2016Q3,S08000019,Lung,32,32,NHS Forth Valley
7340,2016Q4,S08000019,Lung,34,34,NHS Forth Valley
7348,2016Q4,S08000019,Lung,1,1,NHS Forth Valley
7354,2017Q1,S08000019,Lung,37,37,NHS Forth Valley
7372,2017Q2,S08000019,Lung,31,31,NHS Forth Valley
7385,2017Q3,S08000019,Lung,39,39,NHS Forth Valley
7397,2017Q4,S08000019,Lung,53,53,NHS Forth Valley
7410,2018Q1,S08000019,Lung,37,37,NHS Forth Valley
7423,2018Q2,S08000019,Lung,39,39,NHS Forth Valley
7436,2018Q3,S08000019,Lung,32,32,NHS Forth Valley
7449,2018Q4,S08000019,Lung,37,37,NHS Forth Valley
7462,2019Q1,S08000019,Lung,39,39,NHS Forth Valley
7477,2019Q2,S08000019,Lung,46,46,NHS Forth Valley
7489,2019Q3,S08000019,Lung,44,44,NHS Forth Valley
7504,2019Q4,S08000019,Lung,33,33,NHS Forth Valley
7519,2020Q1,S08000019,Lung,39,39,NHS Forth Valley
7534,2020Q2,S08000019,Lung,29,29,NHS Forth Valley
7548,2020Q3,S08000019,Lung,42,42,NHS Forth Valley
7559,2020Q4,S08000019,Lung,54,54,NHS Forth Valley
7573,2021Q1,S08000019,Lung,37,37,NHS Forth Valley
7587,2021Q2,S08000019,Lung,42,42,NHS Forth Valley
7600,2021Q3,S08000019,Lung,61,61,NHS Forth Valley
7611,2021Q4,S08000019,Lung,49,49,NHS Forth Valley
7624,2022Q1,S08000019,Lung,37,37,NHS Forth Valley
7636,2022Q2,S08000019,Lung,41,41,NHS Forth Valley
7650,2022Q3,S08000019,Lung,52,52,NHS Forth Valley
7665,2012Q1,S08000022,Lung,43,43,NHS Highland
7685,2012Q2,S08000022,Lung,54,54,NHS Highland
7693,2012Q2,S08000022,Lung,1,1,NHS Highland
7704,2012Q3,S08000022,Lung,42,42,NHS Highland
7713,2012Q3,S08000022,Lung,2,2,NHS Highland
7719,2012Q4,S08000022,Lung,53,49,NHS Highland
7728,2012Q4,S08000022,Lung,2,2,NHS Highland
7741,2013Q1,S08000022,Lung,37,36,NHS Highland
7752,2013Q1,S08000022,Lung,1,1,NHS Highland
7760,2013Q2,S08000022,Lung,41,40,NHS Highland
7778,2013Q3,S08000022,Lung,40,39,NHS Highland
7787,2013Q3,S08000022,Lung,2,2,NHS Highland
7793,2013Q3,S08000022,Lung,1,1,NHS Highland
7801,2013Q4,S08000022,Lung,51,51,NHS Highland
7810,2013Q4,S08000022,Lung,1,1,NHS Highland
7819,2014Q1,S08000022,Lung,48,47,NHS Highland
7827,2014Q1,S08000022,Lung,3,2,NHS Highland
7831,2014Q1,S08000022,Lung,1,1,NHS Highland
7833,2014Q2,S08000022,Lung,1,1,NHS Highland
7840,2014Q2,S08000022,Lung,35,31,NHS Highland
7849,2014Q2,S08000022,Lung,3,3,NHS Highland
7856,2014Q2,S08000022,Lung,2,2,NHS Highland
7863,2014Q3,S08000022,Lung,24,23,NHS Highland
7873,2014Q3,S08000022,Lung,2,2,NHS Highland
7881,2014Q4,S08000022,Lung,46,46,NHS Highland
7889,2014Q4,S08000022,Lung,3,3,NHS Highland
7893,2014Q4,S08000022,Lung,1,1,NHS Highland
7903,2015Q1,S08000022,Lung,38,37,NHS Highland
7912,2015Q1,S08000022,Lung,3,3,NHS Highland
7923,2015Q2,S08000022,Lung,32,31,NHS Highland
7932,2015Q2,S08000022,Lung,3,3,NHS Highland
7939,2015Q3,S08000022,Lung,41,37,NHS Highland
7948,2015Q3,S08000022,Lung,3,3,NHS Highland
7954,2015Q3,S08000022,Lung,1,1,NHS Highland
7964,2015Q4,S08000022,Lung,32,32,NHS Highland
7979,2016Q1,S08000022,Lung,30,30,NHS Highland
7995,2016Q2,S08000022,Lung,30,28,NHS Highland
8004,2016Q2,S08000022,Lung,3,2,NHS Highland
8009,2016Q2,S08000022,Lung,1,1,NHS Highland
8014,2016Q3,S08000022,Lung,1,1,NHS Highland
8021,2016Q3,S08000022,Lung,43,43,NHS Highland
8029,2016Q3,S08000022,Lung,1,1,NHS Highland
8037,2016Q4,S08000022,Lung,37,37,NHS Highland
8046,2016Q4,S08000022,Lung,2,2,NHS Highland
8055,2017Q1,S08000022,Lung,30,30,NHS Highland
8065,2017Q1,S08000022,Lung,2,2,NHS Highland
8076,2017Q2,S08000022,Lung,40,40,NHS Highland
8096,2017Q3,S08000022,Lung,29,29,NHS Highland
8104,2017Q3,S08000022,Lung,1,1,NHS Highland
8117,2017Q4,S08000022,Lung,30,30,NHS Highland
8131,2017Q4,S08000022,Lung,1,1,NHS Highland
8140,2018Q1,S08000022,Lung,33,33,NHS Highland
8150,2018Q1,S08000022,Lung,3,3,NHS Highland
8161,2018Q2,S08000022,Lung,43,43,NHS Highland
8168,2018Q2,S08000022,Lung,4,4,NHS Highland
8179,2018Q3,S08000022,Lung,38,38,NHS Highland
8189,2018Q3,S08000022,Lung,3,3,NHS Highland
8194,2018Q3,S08000022,Lung,1,1,NHS Highland
8202,2018Q4,S08000022,Lung,41,41,NHS Highland
8220,2019Q1,S08000022,Lung,36,36,NHS Highland
8227,2019Q1,S08000022,Lung,1,1,NHS Highland
8242,2019Q2,S08000022,Lung,44,44,NHS Highland
8251,2019Q2,S08000022,Lung,1,1,NHS Highland
8264,2019Q3,S08000022,Lung,47,47,NHS Highland
8273,2019Q3,S08000022,Lung,2,2,NHS Highland
8285,2019Q4,S08000022,Lung,41,41,NHS Highland
8297,2019Q4,S08000022,Lung,1,1,NHS Highland
8306,2020Q1,S08000022,Lung,39,39,NHS Highland
8319,2020Q1,S08000022,Lung,1,1,NHS Highland
8321,2020Q2,S08000022,Lung,1,1,NHS Highland
8327,2020Q2,S08000022,Lung,46,46,NHS Highland
8336,2020Q2,S08000022,Lung,1,1,NHS Highland
8347,2020Q3,S08000022,Lung,40,40,NHS Highland
8365,2020Q4,S08000022,Lung,29,29,NHS Highland
8378,2021Q1,S08000022,Lung,1,1,NHS Highland
8384,2021Q1,S08000022,Lung,42,40,NHS Highland
8393,2021Q1,S08000022,Lung,3,3,NHS Highland
8405,2021Q2,S08000022,Lung,39,39,NHS Highland
8413,2021Q2,S08000022,Lung,3,2,NHS Highland
8424,2021Q3,S08000022,Lung,34,34,NHS Highland
8432,2021Q3,S08000022,Lung,1,1,NHS Highland
8442,2021Q4,S08000022,Lung,41,41,NHS Highland
8450,2021Q4,S08000022,Lung,5,5,NHS Highland
8458,2022Q1,S08000022,Lung,38,38,NHS Highland
8466,2022Q1,S08000022,Lung,1,1,NHS Highland
8474,2022Q2,S08000022,Lung,35,35,NHS Highland
8483,2022Q2,S08000022,Lung,2,2,NHS Highland
8493,2022Q3,S08000022,Lung,28,28,NHS Highland
8502,2022Q3,S08000022,Lung,1,1,NHS Highland
8506,2022Q3,S08000022,Lung,1,1,NHS Highland
8514,2012Q1,S08000029,Lung,52,52,NHS Fife
8526,2012Q2,S08000029,Lung,37,37,NHS Fife
8537,2012Q3,S08000029,Lung,59,59,NHS Fife
8544,2012Q3,S08000029,Lung,4,4,NHS Fife
8552,2012Q4,S08000029,Lung,33,33,NHS Fife
8565,2013Q1,S08000029,Lung,39,39,NHS Fife
8578,2013Q2,S08000029,Lung,43,43,NHS Fife
8590,2013Q3,S08000029,Lung,52,52,NHS Fife
8603,2013Q4,S08000029,Lung,39,39,NHS Fife
8616,2014Q1,S08000029,Lung,37,37,NHS Fife
8627,2014Q2,S08000029,Lung,46,46,NHS Fife
8640,2014Q3,S08000029,Lung,42,42,NHS Fife
8654,2014Q4,S08000029,Lung,34,34,NHS Fife
8666,2015Q1,S08000029,Lung,48,48,NHS Fife
8679,2015Q2,S08000029,Lung,46,46,NHS Fife
8692,2015Q3,S08000029,Lung,45,45,NHS Fife
8707,2015Q4,S08000029,Lung,43,43,NHS Fife
8720,2016Q1,S08000029,Lung,46,46,NHS Fife
8727,2016Q1,S08000029,Lung,1,1,NHS Fife
8735,2016Q2,S08000029,Lung,39,39,NHS Fife
8747,2016Q3,S08000029,Lung,39,39,NHS Fife
8760,2016Q4,S08000029,Lung,35,35,NHS Fife
8773,2017Q1,S08000029,Lung,55,55,NHS Fife
8786,2017Q2,S08000029,Lung,55,55,NHS Fife
8793,2017Q2,S08000029,Lung,1,1,NHS Fife
8799,2017Q3,S08000029,Lung,44,44,NHS Fife
8810,2017Q4,S08000029,Lung,35,35,NHS Fife
8823,2018Q1,S08000029,Lung,59,59,NHS Fife
8836,2018Q2,S08000029,Lung,43,43,NHS Fife
8851,2018Q3,S08000029,Lung,56,56,NHS Fife
8864,2018Q4,S08000029,Lung,50,50,NHS Fife
8875,2019Q1,S08000029,Lung,46,46,NHS Fife
8888,2019Q2,S08000029,Lung,63,63,NHS Fife
8901,2019Q3,S08000029,Lung,55,55,NHS Fife
8915,2019Q4,S08000029,Lung,56,56,NHS Fife
8928,2020Q1,S08000029,Lung,48,48,NHS Fife
8941,2020Q2,S08000029,Lung,41,41,NHS Fife
8952,2020Q3,S08000029,Lung,54,54,NHS Fife
8965,2020Q4,S08000029,Lung,36,36,NHS Fife
8978,2021Q1,S08000029,Lung,37,37,NHS Fife
8991,2021Q2,S08000029,Lung,47,47,NHS Fife
9004,2021Q3,S08000029,Lung,63,63,NHS Fife
9016,2021Q4,S08000029,Lung,43,43,NHS Fife
9029,2022Q1,S08000029,Lung,43,43,NHS Fife
9036,2022Q1,S08000029,Lung,1,1,NHS Fife
9042,2022Q2,S08000029,Lung,47,47,NHS Fife
9054,2022Q3,S08000029,Lung,56,56,NHS Fife
9063,2012Q1,S08000030,Lung,4,3,NHS Tayside
9071,2012Q1,S08000030,Lung,51,51,NHS Tayside
9078,2012Q2,S08000030,Lung,1,1,NHS Tayside
9085,2012Q2,S08000030,Lung,69,69,NHS Tayside
9094,2012Q3,S08000030,Lung,4,4,NHS Tayside
9102,2012Q3,S08000030,Lung,68,68,NHS Tayside
9117,2012Q4,S08000030,Lung,72,71,NHS Tayside
9135,2013Q1,S08000030,Lung,62,59,NHS Tayside
9146,2013Q2,S08000030,Lung,1,1,NHS Tayside
9152,2013Q2,S08000030,Lung,68,68,NHS Tayside
9170,2013Q3,S08000030,Lung,65,63,NHS Tayside
9179,2013Q4,S08000030,Lung,1,1,NHS Tayside
9188,2013Q4,S08000030,Lung,75,73,NHS Tayside
9201,2014Q1,S08000030,Lung,75,72,NHS Tayside
9210,2014Q2,S08000030,Lung,1,1,NHS Tayside
9218,2014Q2,S08000030,Lung,88,86,NHS Tayside
9225,2014Q3,S08000030,Lung,1,1,NHS Tayside
9232,2014Q3,S08000030,Lung,89,89,NHS Tayside
9237,2014Q4,S08000030,Lung,2,2,NHS Tayside
9244,2014Q4,S08000030,Lung,72,71,NHS Tayside
9252,2015Q1,S08000030,Lung,2,2,NHS Tayside
9261,2015Q1,S08000030,Lung,73,71,NHS Tayside
9270,2015Q2,S08000030,Lung,1,1,NHS Tayside
9278,2015Q2,S08000030,Lung,82,78,NHS Tayside
9285,2015Q3,S08000030,Lung,2,2,NHS Tayside
9292,2015Q3,S08000030,Lung,79,73,NHS Tayside
9301,2015Q4,S08000030,Lung,2,2,NHS Tayside
9309,2015Q4,S08000030,Lung,77,77,NHS Tayside
9321,2016Q1,S08000030,Lung,2,2,NHS Tayside
9329,2016Q1,S08000030,Lung,70,69,NHS Tayside
9341,2016Q2,S08000030,Lung,3,3,NHS Tayside
9348,2016Q2,S08000030,Lung,66,65,NHS Tayside
9359,2016Q3,S08000030,Lung,3,2,NHS Tayside
9368,2016Q3,S08000030,Lung,71,70,NHS Tayside
9380,2016Q4,S08000030,Lung,3,2,NHS Tayside
9387,2016Q4,S08000030,Lung,75,73,NHS Tayside
9395,2017Q1,S08000030,Lung,3,3,NHS Tayside
9402,2017Q1,S08000030,Lung,82,81,NHS Tayside
9414,2017Q2,S08000030,Lung,4,4,NHS Tayside
9420,2017Q2,S08000030,Lung,62,62,NHS Tayside
9431,2017Q3,S08000030,Lung,3,3,NHS Tayside
9439,2017Q3,S08000030,Lung,62,61,NHS Tayside
9450,2017Q4,S08000030,Lung,3,3,NHS Tayside
9457,2017Q4,S08000030,Lung,69,68,NHS Tayside
9467,2018Q1,S08000030,Lung,1,1,NHS Tayside
9475,2018Q1,S08000030,Lung,65,61,NHS Tayside
9483,2018Q2,S08000030,Lung,1,1,NHS Tayside
9486,2018Q2,S08000030,Lung,1,1,NHS Tayside
9493,2018Q2,S08000030,Lung,74,71,NHS Tayside
9504,2018Q3,S08000030,Lung,3,2,NHS Tayside
9511,2018Q3,S08000030,Lung,61,57,NHS Tayside
9523,2018Q4,S08000030,Lung,1,1,NHS Tayside
9529,2018Q4,S08000030,Lung,83,76,NHS Tayside
9536,2018Q4,S08000030,Lung,1,1,NHS Tayside
9541,2019Q1,S08000030,Lung,1,1,NHS Tayside
9547,2019Q1,S08000030,Lung,78,70,NHS Tayside
9559,2019Q2,S08000030,Lung,3,2,NHS Tayside
9565,2019Q2,S08000030,Lung,71,63,NHS Tayside
9573,2019Q3,S08000030,Lung,1,1,NHS Tayside
9578,2019Q3,S08000030,Lung,1,1,NHS Tayside
9585,2019Q3,S08000030,Lung,71,68,NHS Tayside
9595,2019Q4,S08000030,Lung,4,4,NHS Tayside
9602,2019Q4,S08000030,Lung,78,78,NHS Tayside
9612,2020Q1,S08000030,Lung,3,2,NHS Tayside
9619,2020Q1,S08000030,Lung,79,79,NHS Tayside
9629,2020Q2,S08000030,Lung,4,4,NHS Tayside
9637,2020Q2,S08000030,Lung,68,67,NHS Tayside
9645,2020Q3,S08000030,Lung,1,0,NHS Tayside
9654,2020Q3,S08000030,Lung,76,76,NHS Tayside
9669,2020Q4,S08000030,Lung,70,69,NHS Tayside
9685,2021Q1,S08000030,Lung,83,81,NHS Tayside
9700,2021Q2,S08000030,Lung,87,87,NHS Tayside
9718,2021Q3,S08000030,Lung,76,76,NHS Tayside
9735,2021Q4,S08000030,Lung,74,73,NHS Tayside
9747,2022Q1,S08000030,Lung,1,1,NHS Tayside
9753,2022Q1,S08000030,Lung,82,80,NHS Tayside
9769,2022Q2,S08000030,Lung,91,90,NHS Tayside
9779,2022Q3,S08000030,Lung,1,1,NHS Tayside
9785,2022Q3,S08000030,Lung,87,86,NHS Tayside
9816,2013Q3,S08000025,Lung,1,1,NHS Orkney
9839,2014Q4,S08000025,Lung,1,1,NHS Orkney
9842,2015Q1,S08000025,Lung,1,1,NHS Orkney
9856,2015Q3,S08000025,Lung,1,1,NHS Orkney
9863,2016Q1,S08000025,Lung,1,1,NHS Orkney
9871,2016Q3,S08000025,Lung,1,1,NHS Orkney
9875,2016Q3,S08000025,Lung,1,1,NHS Orkney
9891,2017Q2,S08000025,Lung,1,1,NHS Orkney
9904,2018Q1,S08000025,Lung,1,1,NHS Orkney
9914,2018Q3,S08000025,Lung,1,1,NHS Orkney
9921,2018Q4,S08000025,Lung,1,1,NHS Orkney
9928,2019Q1,S08000025,Lung,1,1,NHS Orkney
9933,2019Q2,S08000025,Lung,1,1,NHS Orkney
9940,2019Q3,S08000025,Lung,1,1,NHS Orkney
9944,2019Q4,S08000025,Lung,1,1,NHS Orkney
9950,2020Q1,S08000025,Lung,1,1,NHS Orkney
9955,2020Q2,S08000025,Lung,1,1,NHS Orkney
9960,2020Q3,S08000025,Lung,2,2,NHS Orkney
9969,2020Q4,S08000025,Lung,1,1,NHS Orkney
9980,2021Q2,S08000025,Lung,1,1,NHS Orkney
9998,2022Q1,S08000025,Lung,3,3,NHS Orkney
10010,2022Q3,S08000025,Lung,1,1,NHS Orkney
10018,2012Q1,S08000026,Lung,3,3,NHS Shetland
10036,2012Q4,S08000026,Lung,1,1,NHS Shetland
10042,2013Q1,S08000026,Lung,1,1,NHS Shetland
10050,2013Q2,S08000026,Lung,2,2,NHS Shetland
10057,2013Q3,S08000026,Lung,2,2,NHS Shetland
10071,2014Q1,S08000026,Lung,1,1,NHS Shetland
10106,2015Q2,S08000026,Lung,1,1,NHS Shetland
10119,2015Q4,S08000026,Lung,2,2,NHS Shetland
10125,2016Q1,S08000026,Lung,1,1,NHS Shetland
10149,2016Q4,S08000026,Lung,1,1,NHS Shetland
10156,2017Q1,S08000026,Lung,1,1,NHS Shetland
10168,2017Q3,S08000026,Lung,1,1,NHS Shetland
10180,2018Q1,S08000026,Lung,3,3,NHS Shetland
10188,2018Q2,S08000026,Lung,1,1,NHS Shetland
10194,2018Q3,S08000026,Lung,1,1,NHS Shetland
10217,2019Q1,S08000026,Lung,1,1,NHS Shetland
10224,2019Q2,S08000026,Lung,1,1,NHS Shetland
10235,2019Q3,S08000026,Lung,2,2,NHS Shetland
10244,2019Q4,S08000026,Lung,1,1,NHS Shetland
10249,2020Q1,S08000026,Lung,1,1,NHS Shetland
10253,2020Q1,S08000026,Lung,2,2,NHS Shetland
10258,2020Q2,S08000026,Lung,4,4,NHS Shetland
10265,2020Q3,S08000026,Lung,3,3,NHS Shetland
10275,2020Q4,S08000026,Lung,4,4,NHS Shetland
10298,2021Q4,S08000026,Lung,2,2,NHS Shetland
10306,2022Q1,S08000026,Lung,3,3,NHS Shetland
10325,2022Q3,S08000026,Lung,2,2,NHS Shetland
10332,2012Q1,S08000028,Lung,5,5,NHS Western Isles
10339,2012Q2,S08000028,Lung,1,1,NHS Western Isles
10343,2012Q3,S08000028,Lung,2,2,NHS Western Isles
10348,2012Q4,S08000028,Lung,3,3,NHS Western Isles
10356,2013Q1,S08000028,Lung,1,1,NHS Western Isles
10360,2013Q2,S08000028,Lung,1,1,NHS Western Isles
10363,2013Q2,S08000028,Lung,2,2,NHS Western Isles
10369,2013Q3,S08000028,Lung,3,3,NHS Western Isles
10375,2013Q4,S08000028,Lung,1,1,NHS Western Isles
10384,2014Q1,S08000028,Lung,4,4,NHS Western Isles
10397,2014Q3,S08000028,Lung,4,4,NHS Western Isles
10405,2014Q4,S08000028,Lung,2,2,NHS Western Isles
10412,2015Q1,S08000028,Lung,2,2,NHS Western Isles
10420,2015Q2,S08000028,Lung,3,3,NHS Western Isles
10433,2015Q4,S08000028,Lung,1,1,NHS Western Isles
10436,2015Q4,S08000028,Lung,3,3,NHS Western Isles
10443,2016Q1,S08000028,Lung,2,2,NHS Western Isles
10451,2016Q2,S08000028,Lung,2,2,NHS Western Isles
10461,2016Q3,S08000028,Lung,4,4,NHS Western Isles
10467,2016Q4,S08000028,Lung,1,1,NHS Western Isles
10482,2017Q2,S08000028,Lung,3,3,NHS Western Isles
10491,2017Q3,S08000028,Lung,4,4,NHS Western Isles
10496,2017Q4,S08000028,Lung,4,4,NHS Western Isles
10501,2018Q1,S08000028,Lung,1,1,NHS Western Isles
10504,2018Q1,S08000028,Lung,3,3,NHS Western Isles
10512,2018Q2,S08000028,Lung,2,2,NHS Western Isles
10518,2018Q3,S08000028,Lung,1,1,NHS Western Isles
10522,2018Q3,S08000028,Lung,3,3,NHS Western Isles
10529,2018Q4,S08000028,Lung,1,1,NHS Western Isles
10535,2019Q1,S08000028,Lung,3,3,NHS Western Isles
10542,2019Q2,S08000028,Lung,1,1,NHS Western Isles
10549,2019Q3,S08000028,Lung,7,7,NHS Western Isles
10557,2019Q4,S08000028,Lung,7,7,NHS Western Isles
10564,2020Q1,S08000028,Lung,2,2,NHS Western Isles
10571,2020Q2,S08000028,Lung,5,5,NHS Western Isles
10578,2020Q3,S08000028,Lung,3,3,NHS Western Isles
10584,2020Q4,S08000028,Lung,3,3,NHS Western Isles
10589,2021Q1,S08000028,Lung,4,4,NHS Western Isles
10595,2021Q2,S08000028,Lung,3,3,NHS Western Isles
10605,2021Q3,S08000028,Lung,5,5,NHS Western Isles
10611,2021Q4,S08000028,Lung,4,4,NHS Western Isles
10616,2022Q1,S08000028,Lung,5,5,NHS Western Isles
10626,2022Q2,S08000028,Lung,1,1,NHS Western Isles
10637,2022Q3,S08000028,Lung,5,5,NHS Western Isles
10651,2012Q1,S08000032,Lung,61,61,NHS Lanarkshire
10664,2012Q2,S08000032,Lung,68,68,NHS Lanarkshire
10678,2012Q3,S08000032,Lung,52,52,NHS Lanarkshire
10691,2012Q4,S08000032,Lung,49,49,NHS Lanarkshire
10706,2013Q1,S08000032,Lung,52,52,NHS Lanarkshire
10721,2013Q2,S08000032,Lung,77,77,NHS Lanarkshire
10734,2013Q3,S08000032,Lung,75,75,NHS Lanarkshire
10749,2013Q4,S08000032,Lung,62,62,NHS Lanarkshire
10764,2014Q1,S08000032,Lung,60,60,NHS Lanarkshire
10777,2014Q2,S08000032,Lung,71,71,NHS Lanarkshire
10792,2014Q3,S08000032,Lung,69,69,NHS Lanarkshire
10805,2014Q4,S08000032,Lung,67,67,NHS Lanarkshire
10820,2015Q1,S08000032,Lung,61,61,NHS Lanarkshire
10835,2015Q2,S08000032,Lung,65,65,NHS Lanarkshire
10850,2015Q3,S08000032,Lung,61,61,NHS Lanarkshire
10865,2015Q4,S08000032,Lung,42,42,NHS Lanarkshire
10880,2016Q1,S08000032,Lung,51,51,NHS Lanarkshire
10893,2016Q2,S08000032,Lung,71,71,NHS Lanarkshire
10901,2016Q3,S08000032,Lung,1,1,NHS Lanarkshire
10907,2016Q3,S08000032,Lung,50,50,NHS Lanarkshire
10917,2016Q4,S08000032,Lung,1,1,NHS Lanarkshire
10923,2016Q4,S08000032,Lung,48,48,NHS Lanarkshire
10938,2017Q1,S08000032,Lung,66,66,NHS Lanarkshire
10953,2017Q2,S08000032,Lung,38,38,NHS Lanarkshire
10968,2017Q3,S08000032,Lung,91,91,NHS Lanarkshire
10984,2017Q4,S08000032,Lung,53,53,NHS Lanarkshire
10999,2018Q1,S08000032,Lung,68,68,NHS Lanarkshire
11014,2018Q2,S08000032,Lung,82,82,NHS Lanarkshire
11028,2018Q3,S08000032,Lung,67,67,NHS Lanarkshire
11038,2018Q4,S08000032,Lung,1,1,NHS Lanarkshire
11044,2018Q4,S08000032,Lung,91,91,NHS Lanarkshire
11059,2019Q1,S08000032,Lung,87,87,NHS Lanarkshire
11076,2019Q2,S08000032,Lung,88,88,NHS Lanarkshire
11091,2019Q3,S08000032,Lung,81,81,NHS Lanarkshire
11106,2019Q4,S08000032,Lung,98,98,NHS Lanarkshire
11123,2020Q1,S08000032,Lung,63,63,NHS Lanarkshire
11138,2020Q2,S08000032,Lung,52,52,NHS Lanarkshire
11145,2020Q3,S08000032,Lung,1,1,NHS Lanarkshire
11153,2020Q3,S08000032,Lung,59,59,NHS Lanarkshire
11167,2020Q4,S08000032,Lung,64,64,NHS Lanarkshire
11181,2021Q1,S08000032,Lung,56,56,NHS Lanarkshire
11194,2021Q2,S08000032,Lung,81,81,NHS Lanarkshire
11209,2021Q3,S08000032,Lung,84,84,NHS Lanarkshire
11226,2021Q4,S08000032,Lung,75,75,NHS Lanarkshire
11241,2022Q1,S08000032,Lung,80,80,NHS Lanarkshire
11256,2022Q2,S08000032,Lung,61,61,NHS Lanarkshire
11272,2022Q3,S08000032,Lung,90,90,NHS Lanarkshire
