,Quarter,HB,Health board,ADP,Service type,Substance type,Measure,Waited_1_week_or_less,Waited_more_than_1_week_but_within_2_weeks,Waited_more_than_2_week_but_within_3_weeks,Waited_more_than_3_week_but_within_4_weeks,Waited_more_than_4_week_but_within_8_weeks,Waited_more_than_8_week_but_within_12_weeks,Waited_more_than_12_week_but_within_26_weeks,Waited_more_than_26_week_but_within_52_weeks,Waited_more_than_52_week,Percent waiting within 3 weeks,Percent waiting over 3 weeks,Median_length_of_wait_days
0,Q2 2022/2023,S08000015,NHS Ayrshire & Arran,East Ayrshire ADP,All services,Alcohol,Number,9.0,2.0,0.0,1.0,0.0,0.0,0.0,0.0,0.0,11.0,1.0,3.0
3,Q3 2022/2023,S08000015,NHS Ayrshire & Arran,East Ayrshire ADP,All services,Alcohol,Number,1.0,2.0,0.0,0.0,0.0,0.0,1.0,0.0,0.0,3.0,1.0,10.5
6,Q4 2022/2023,S08000015,NHS Ayrshire & Arran,East Ayrshire ADP,All services,Alcohol,Number,2.0,0.0,0.0,0.0,0.0,0.0,0.0,0.0,0.0,2.0,0.0,2.0
9,Q1 2023/2024,S08000015,NHS Ayrshire & Arran,East Ayrshire ADP,All services,Alcohol,Number,0.0,1.0,0.0,0.0,0.0,0.0,0.0,0.0,0.0,1.0,0.0,8.0
12,Q2 2023/2024,S08000015,NHS Ayrshire & Arran,East Ayrshire ADP,All services,Alcohol,Number,2.0,2.0,0.0,0.0,0.0,0.0,0.0,0.0,0.0,4.0,0.0,7.0
15,Q2 2022/2023,S08000015,NHS Ayrshire & Arran,East Ayrshire ADP,All services,All,Number,12.0,5.0,0.0,1.0,0.0,0.0,0.0,0.0,0.0,17.0,1.0,4.0
18,Q3 2022/2023,S08000015,NHS Ayrshire & Arran,East Ayrshire ADP,All services,All,Number,1.0,3.0,0.0,0.0,0.0,0.0,1.0,0.0,0.0,4.0,1.0,11.0
21,Q4 2022/2023,S08000015,NHS Ayrshire & Arran,East Ayrshire ADP,All services,All,Number,3.0,0.0,2.0,0.0,0.0,0.0,0.0,0.0,0.0,5.0,0.0,3.0
24,Q1 2023/2024,S08000015,NHS Ayrshire & Arran,East Ayrshire ADP,All services,All,Number,0.0,1.0,1.0,0.0,0.0,0.0,0.0,0.0,0.0,2.0,0.0,13.5
27,Q2 2023/2024,S08000015,NHS Ayrshire & Arran,East Ayrshire ADP,All services,All,Number,3.0,3.0,0.0,0.0,0.0,0.0,0.0,0.0,0.0,6.0,0.0,7.0
30,Q2 2022/2023,S08000015,NHS Ayrshire & Arran,East Ayrshire ADP,All services,Co-dependency,Number,0.0,1.0,0.0,0.0,0.0,0.0,0.0,0.0,0.0,1.0,0.0,12.0
33,Q3 2022/2023,S08000015,NHS Ayrshire & Arran,East Ayrshire ADP,All services,Co-dependency,Number,0.0,0.0,0.0,0.0,0.0,0.0,0.0,0.0,0.0,0.0,0.0,0.0
36,Q4 2022/2023,S08000015,NHS Ayrshire & Arran,East Ayrshire ADP,All services,Co-dependency,Number,0.0,0.0,0.0,0.0,0.0,0.0,0.0,0.0,0.0,0.0,0.0,0.0
39,Q1 2023/2024,S08000015,NHS Ayrshire & Arran,East Ayrshire ADP,All services,Co-dependency,Number,0.0,0.0,0.0,0.0,0.0,0.0,0.0,0.0,0.0,0.0,0.0,0.0
42,Q2 2023/2024,S08000015,NHS Ayrshire & Arran,East Ayrshire ADP,All services,Co-dependency,Number,0.0,0.0,0.0,0.0,0.0,0.0,0.0,0.0,0.0,0.0,0.0,0.0
45,Q2 2022/2023,S08000015,NHS Ayrshire & Arran,East Ayrshire ADP,All services,Drug,Number,3.0,2.0,0.0,0.0,0.0,0.0,0.0,0.0,0.0,5.0,0.0,4.0
48,Q3 2022/2023,S08000015,NHS Ayrshire & Arran,East Ayrshire ADP,All services,Drug,Number,0.0,1.0,0.0,0.0,0.0,0.0,0.0,0.0,0.0,1.0,0.0,12.0
51,Q4 2022/2023,S08000015,NHS Ayrshire & Arran,East Ayrshire ADP,All services,Drug,Number,1.0,0.0,2.0,0.0,0.0,0.0,0.0,0.0,0.0,3.0,0.0,16.0
54,Q1 2023/2024,S08000015,NHS Ayrshire & Arran,East Ayrshire ADP,All services,Drug,Number,0.0,0.0,1.0,0.0,0.0,0.0,0.0,0.0,0.0,1.0,0.0,19.0
57,Q2 2023/2024,S08000015,NHS Ayrshire & Arran,East Ayrshire ADP,All services,Drug,Number,1.0,1.0,0.0,0.0,0.0,0.0,0.0,0.0,0.0,2.0,0.0,7.0
60,Q2 2022/2023,S08000015,NHS Ayrshire & Arran,North Ayrshire ADP,All services,Alcohol,Number,22.0,5.0,4.0,0.0,0.0,0.0,0.0,0.0,0.0,31.0,0.0,3.0
62,Q3 2022/2023,S08000015,NHS Ayrshire & Arran,North Ayrshire ADP,All services,Alcohol,Number,5.0,8.0,4.0,0.0,0.0,0.0,0.0,0.0,0.0,17.0,0.0,11.0
64,Q4 2022/2023,S08000015,NHS Ayrshire & Arran,North Ayrshire ADP,All services,Alcohol,Number,21.0,12.0,5.0,1.0,0.0,0.0,0.0,0.0,0.0,38.0,1.0,5.0
66,Q1 2023/2024,S08000015,NHS Ayrshire & Arran,North Ayrshire ADP,All services,Alcohol,Number,18.0,9.0,9.0,1.0,0.0,0.0,1.0,0.0,0.0,36.0,2.0,8.5
68,Q2 2023/2024,S08000015,NHS Ayrshire & Arran,North Ayrshire ADP,All services,Alcohol,Number,14.0,6.0,2.0,2.0,0.0,0.0,0.0,0.0,0.0,22.0,2.0,5.0
70,Q2 2022/2023,S08000015,NHS Ayrshire & Arran,North Ayrshire ADP,All services,All,Number,34.0,7.0,4.0,0.0,0.0,0.0,0.0,1.0,0.0,45.0,1.0,3.0
72,Q3 2022/2023,S08000015,NHS Ayrshire & Arran,North Ayrshire ADP,All services,All,Number,11.0,17.0,5.0,1.0,0.0,0.0,0.0,1.0,0.0,33.0,2.0,11.0
74,Q4 2022/2023,S08000015,NHS Ayrshire & Arran,North Ayrshire ADP,All services,All,Number,31.0,17.0,6.0,1.0,0.0,0.0,0.0,0.0,0.0,54.0,1.0,5.0
76,Q1 2023/2024,S08000015,NHS Ayrshire & Arran,North Ayrshire ADP,All services,All,Number,31.0,12.0,12.0,1.0,0.0,0.0,1.0,0.0,0.0,55.0,2.0,5.0
78,Q2 2023/2024,S08000015,NHS Ayrshire & Arran,North Ayrshire ADP,All services,All,Number,23.0,9.0,3.0,2.0,0.0,0.0,0.0,0.0,0.0,35.0,2.0,4.0
80,Q2 2022/2023,S08000015,NHS Ayrshire & Arran,North Ayrshire ADP,All services,Co-dependency,Number,3.0,0.0,0.0,0.0,0.0,0.0,0.0,0.0,0.0,3.0,0.0,2.0
82,Q3 2022/2023,S08000015,NHS Ayrshire & Arran,North Ayrshire ADP,All services,Co-dependency,Number,0.0,2.0,0.0,0.0,0.0,0.0,0.0,0.0,0.0,2.0,0.0,9.5
84,Q4 2022/2023,S08000015,NHS Ayrshire & Arran,North Ayrshire ADP,All services,Co-dependency,Number,4.0,0.0,0.0,0.0,0.0,0.0,0.0,0.0,0.0,4.0,0.0,2.5
86,Q1 2023/2024,S08000015,NHS Ayrshire & Arran,North Ayrshire ADP,All services,Co-dependency,Number,2.0,1.0,1.0,0.0,0.0,0.0,0.0,0.0,0.0,4.0,0.0,7.0
88,Q2 2023/2024,S08000015,NHS Ayrshire & Arran,North Ayrshire ADP,All services,Co-dependency,Number,2.0,2.0,0.0,0.0,0.0,0.0,0.0,0.0,0.0,4.0,0.0,7.5
90,Q2 2022/2023,S08000015,NHS Ayrshire & Arran,North Ayrshire ADP,All services,Drug,Number,9.0,2.0,0.0,0.0,0.0,0.0,0.0,1.0,0.0,11.0,1.0,3.0
92,Q3 2022/2023,S08000015,NHS Ayrshire & Arran,North Ayrshire ADP,All services,Drug,Number,6.0,7.0,1.0,1.0,0.0,0.0,0.0,1.0,0.0,14.0,2.0,10.5
94,Q4 2022/2023,S08000015,NHS Ayrshire & Arran,North Ayrshire ADP,All services,Drug,Number,6.0,5.0,1.0,0.0,0.0,0.0,0.0,0.0,0.0,12.0,0.0,7.5
96,Q1 2023/2024,S08000015,NHS Ayrshire & Arran,North Ayrshire ADP,All services,Drug,Number,11.0,2.0,2.0,0.0,0.0,0.0,0.0,0.0,0.0,15.0,0.0,3.0
98,Q2 2023/2024,S08000015,NHS Ayrshire & Arran,North Ayrshire ADP,All services,Drug,Number,7.0,1.0,1.0,0.0,0.0,0.0,0.0,0.0,0.0,9.0,0.0,4.0
100,Q2 2022/2023,S08000015,NHS Ayrshire & Arran,South Ayrshire ADP,All services,Alcohol,Number,16.0,2.0,4.0,0.0,0.0,0.0,0.0,0.0,0.0,22.0,0.0,4.0
102,Q3 2022/2023,S08000015,NHS Ayrshire & Arran,South Ayrshire ADP,All services,Alcohol,Number,2.0,6.0,1.0,0.0,0.0,0.0,0.0,0.0,0.0,9.0,0.0,12.0
104,Q4 2022/2023,S08000015,NHS Ayrshire & Arran,South Ayrshire ADP,All services,Alcohol,Number,11.0,4.0,5.0,0.0,0.0,0.0,0.0,0.0,0.0,20.0,0.0,5.5
106,Q1 2023/2024,S08000015,NHS Ayrshire & Arran,South Ayrshire ADP,All services,Alcohol,Number,6.0,9.0,4.0,0.0,0.0,0.0,0.0,0.0,0.0,19.0,0.0,11.0
108,Q2 2023/2024,S08000015,NHS Ayrshire & Arran,South Ayrshire ADP,All services,Alcohol,Number,5.0,1.0,3.0,0.0,0.0,0.0,0.0,0.0,0.0,9.0,0.0,3.0
110,Q2 2022/2023,S08000015,NHS Ayrshire & Arran,South Ayrshire ADP,All services,All,Number,21.0,3.0,4.0,0.0,0.0,0.0,0.0,1.0,0.0,28.0,1.0,4.0
112,Q3 2022/2023,S08000015,NHS Ayrshire & Arran,South Ayrshire ADP,All services,All,Number,3.0,7.0,1.0,0.0,0.0,0.0,0.0,1.0,0.0,11.0,1.0,12.0
114,Q4 2022/2023,S08000015,NHS Ayrshire & Arran,South Ayrshire ADP,All services,All,Number,17.0,5.0,5.0,1.0,0.0,0.0,0.0,0.0,0.0,27.0,1.0,5.0
116,Q1 2023/2024,S08000015,NHS Ayrshire & Arran,South Ayrshire ADP,All services,All,Number,9.0,9.0,4.0,0.0,0.0,0.0,0.0,0.0,0.0,22.0,0.0,11.0
118,Q2 2023/2024,S08000015,NHS Ayrshire & Arran,South Ayrshire ADP,All services,All,Number,10.0,3.0,3.0,0.0,0.0,0.0,0.0,0.0,0.0,16.0,0.0,3.5
120,Q2 2022/2023,S08000015,NHS Ayrshire & Arran,South Ayrshire ADP,All services,Co-dependency,Number,0.0,0.0,0.0,0.0,0.0,0.0,0.0,0.0,0.0,0.0,0.0,0.0
122,Q3 2022/2023,S08000015,NHS Ayrshire & Arran,South Ayrshire ADP,All services,Co-dependency,Number,0.0,0.0,0.0,0.0,0.0,0.0,0.0,0.0,0.0,0.0,0.0,0.0
124,Q4 2022/2023,S08000015,NHS Ayrshire & Arran,South Ayrshire ADP,All services,Co-dependency,Number,2.0,0.0,0.0,0.0,0.0,0.0,0.0,0.0,0.0,2.0,0.0,1.0
126,Q1 2023/2024,S08000015,NHS Ayrshire & Arran,South Ayrshire ADP,All services,Co-dependency,Number,0.0,0.0,0.0,0.0,0.0,0.0,0.0,0.0,0.0,0.0,0.0,0.0
128,Q2 2023/2024,S08000015,NHS Ayrshire & Arran,South Ayrshire ADP,All services,Co-dependency,Number,1.0,0.0,0.0,0.0,0.0,0.0,0.0,0.0,0.0,1.0,0.0,3.0
130,Q2 2022/2023,S08000015,NHS Ayrshire & Arran,South Ayrshire ADP,All services,Drug,Number,5.0,1.0,0.0,0.0,0.0,0.0,0.0,1.0,0.0,6.0,1.0,3.0
132,Q3 2022/2023,S08000015,NHS Ayrshire & Arran,South Ayrshire ADP,All services,Drug,Number,1.0,1.0,0.0,0.0,0.0,0.0,0.0,1.0,0.0,2.0,1.0,13.0
134,Q4 2022/2023,S08000015,NHS Ayrshire & Arran,South Ayrshire ADP,All services,Drug,Number,4.0,1.0,0.0,1.0,0.0,0.0,0.0,0.0,0.0,5.0,1.0,1.0
136,Q1 2023/2024,S08000015,NHS Ayrshire & Arran,South Ayrshire ADP,All services,Drug,Number,3.0,0.0,0.0,0.0,0.0,0.0,0.0,0.0,0.0,3.0,0.0,3.0
138,Q2 2023/2024,S08000015,NHS Ayrshire & Arran,South Ayrshire ADP,All services,Drug,Number,4.0,2.0,0.0,0.0,0.0,0.0,0.0,0.0,0.0,6.0,0.0,4.5
140,Q2 2022/2023,S08000016,NHS Borders,Scottish Borders ADP,All services,Alcohol,Number,2.0,0.0,0.0,0.0,0.0,0.0,0.0,0.0,0.0,2.0,0.0,1.5
142,Q3 2022/2023,S08000016,NHS Borders,Scottish Borders ADP,All services,Alcohol,Number,3.0,1.0,0.0,0.0,0.0,0.0,0.0,0.0,0.0,4.0,0.0,3.0
144,Q4 2022/2023,S08000016,NHS Borders,Scottish Borders ADP,All services,Alcohol,Number,5.0,0.0,0.0,0.0,0.0,0.0,0.0,0.0,0.0,5.0,0.0,3.0
146,Q1 2023/2024,S08000016,NHS Borders,Scottish Borders ADP,All services,Alcohol,Number,1.0,1.0,0.0,0.0,0.0,0.0,0.0,0.0,0.0,2.0,0.0,7.5
148,Q2 2023/2024,S08000016,NHS Borders,Scottish Borders ADP,All services,Alcohol,Number,3.0,1.0,0.0,0.0,0.0,0.0,0.0,0.0,0.0,4.0,0.0,3.0
150,Q2 2022/2023,S08000016,NHS Borders,Scottish Borders ADP,All services,All,Number,5.0,0.0,0.0,0.0,0.0,0.0,0.0,0.0,0.0,5.0,0.0,3.0
152,Q3 2022/2023,S08000016,NHS Borders,Scottish Borders ADP,All services,All,Number,4.0,2.0,0.0,0.0,0.0,0.0,0.0,0.0,0.0,6.0,0.0,3.0
154,Q4 2022/2023,S08000016,NHS Borders,Scottish Borders ADP,All services,All,Number,8.0,1.0,0.0,0.0,0.0,0.0,0.0,0.0,0.0,9.0,0.0,3.0
156,Q1 2023/2024,S08000016,NHS Borders,Scottish Borders ADP,All services,All,Number,4.0,1.0,2.0,0.0,0.0,0.0,0.0,0.0,0.0,7.0,0.0,5.0
158,Q2 2023/2024,S08000016,NHS Borders,Scottish Borders ADP,All services,All,Number,6.0,1.0,0.0,0.0,0.0,0.0,0.0,0.0,0.0,7.0,0.0,1.0
160,Q2 2022/2023,S08000016,NHS Borders,Scottish Borders ADP,All services,Co-dependency,Number,0.0,0.0,0.0,0.0,0.0,0.0,0.0,0.0,0.0,0.0,0.0,0.0
162,Q3 2022/2023,S08000016,NHS Borders,Scottish Borders ADP,All services,Co-dependency,Number,0.0,1.0,0.0,0.0,0.0,0.0,0.0,0.0,0.0,1.0,0.0,13.0
164,Q4 2022/2023,S08000016,NHS Borders,Scottish Borders ADP,All services,Co-dependency,Number,0.0,0.0,0.0,0.0,0.0,0.0,0.0,0.0,0.0,0.0,0.0,0.0
166,Q1 2023/2024,S08000016,NHS Borders,Scottish Borders ADP,All services,Co-dependency,Number,1.0,0.0,0.0,0.0,0.0,0.0,0.0,0.0,0.0,1.0,0.0,5.0
168,Q2 2023/2024,S08000016,NHS Borders,Scottish Borders ADP,All services,Co-dependency,Number,0.0,0.0,0.0,0.0,0.0,0.0,0.0,0.0,0.0,0.0,0.0,0.0
170,Q2 2022/2023,S08000016,NHS Borders,Scottish Borders ADP,All services,Drug,Number,3.0,0.0,0.0,0.0,0.0,0.0,0.0,0.0,0.0,3.0,0.0,4.0
172,Q3 2022/2023,S08000016,NHS Borders,Scottish Borders ADP,All services,Drug,Number,1.0,0.0,0.0,0.0,0.0,0.0,0.0,0.0,0.0,1.0,0.0,1.0
174,Q4 2022/2023,S08000016,NHS Borders,Scottish Borders ADP,All services,Drug,Number,3.0,1.0,0.0,0.0,0.0,0.0,0.0,0.0,0.0,4.0,0.0,2.5
176,Q1 2023/2024,S08000016,NHS Borders,Scottish Borders ADP,All services,Drug,Number,2.0,0.0,2.0,0.0,0.0,0.0,0.0,0.0,0.0,4.0,0.0,8.0
178,Q2 2023/2024,S08000016,NHS Borders,Scottish Borders ADP,All services,Drug,Number,3.0,0.0,0.0,0.0,0.0,0.0,0.0,0.0,0.0,3.0,0.0,1.0
180,Q2 2022/2023,S08000017,NHS Dumfries & Galloway,Dumfries & Galloway ADP,All services,Alcohol,Number,10.0,3.0,1.0,3.0,2.0,0.0,0.0,0.0,0.0,14.0,5.0,5.0
183,Q3 2022/2023,S08000017,NHS Dumfries & Galloway,Dumfries & Galloway ADP,All services,Alcohol,Number,22.0,9.0,4.0,0.0,15.0,2.0,0.0,0.0,0.0,35.0,17.0,10.0
186,Q4 2022/2023,S08000017,NHS Dumfries & Galloway,Dumfries & Galloway ADP,All services,Alcohol,Number,35.0,8.0,4.0,0.0,1.0,1.0,0.0,0.0,0.0,47.0,2.0,3.0
189,Q1 2023/2024,S08000017,NHS Dumfries & Galloway,Dumfries & Galloway ADP,All services,Alcohol,Number,17.0,7.0,2.0,0.0,1.0,0.0,1.0,0.0,0.0,26.0,2.0,4.0
192,Q2 2023/2024,S08000017,NHS Dumfries & Galloway,Dumfries & Galloway ADP,All services,Alcohol,Number,21.0,10.0,1.0,1.0,0.0,0.0,0.0,0.0,0.0,32.0,1.0,5.0
195,Q2 2022/2023,S08000017,NHS Dumfries & Galloway,Dumfries & Galloway ADP,All services,All,Number,21.0,3.0,3.0,4.0,3.0,1.0,0.0,0.0,1.0,27.0,9.0,5.0
198,Q3 2022/2023,S08000017,NHS Dumfries & Galloway,Dumfries & Galloway ADP,All services,All,Number,27.0,15.0,7.0,0.0,15.0,2.0,0.0,0.0,1.0,49.0,18.0,11.0
201,Q4 2022/2023,S08000017,NHS Dumfries & Galloway,Dumfries & Galloway ADP,All services,All,Number,45.0,9.0,4.0,0.0,1.0,1.0,0.0,0.0,1.0,58.0,3.0,3.0
204,Q1 2023/2024,S08000017,NHS Dumfries & Galloway,Dumfries & Galloway ADP,All services,All,Number,28.0,10.0,3.0,0.0,1.0,0.0,1.0,0.0,0.0,41.0,2.0,3.0
207,Q2 2023/2024,S08000017,NHS Dumfries & Galloway,Dumfries & Galloway ADP,All services,All,Number,30.0,12.0,2.0,1.0,0.0,0.0,0.0,0.0,0.0,44.0,1.0,5.0
210,Q2 2022/2023,S08000017,NHS Dumfries & Galloway,Dumfries & Galloway ADP,All services,Co-dependency,Number,1.0,0.0,0.0,0.0,0.0,0.0,0.0,0.0,0.0,1.0,0.0,4.0
213,Q3 2022/2023,S08000017,NHS Dumfries & Galloway,Dumfries & Galloway ADP,All services,Co-dependency,Number,1.0,3.0,0.0,0.0,0.0,0.0,0.0,0.0,0.0,4.0,0.0,10.5
216,Q4 2022/2023,S08000017,NHS Dumfries & Galloway,Dumfries & Galloway ADP,All services,Co-dependency,Number,3.0,0.0,0.0,0.0,0.0,0.0,0.0,0.0,0.0,3.0,0.0,2.0
219,Q1 2023/2024,S08000017,NHS Dumfries & Galloway,Dumfries & Galloway ADP,All services,Co-dependency,Number,0.0,1.0,0.0,0.0,0.0,0.0,0.0,0.0,0.0,1.0,0.0,9.0
222,Q2 2023/2024,S08000017,NHS Dumfries & Galloway,Dumfries & Galloway ADP,All services,Co-dependency,Number,2.0,0.0,0.0,0.0,0.0,0.0,0.0,0.0,0.0,2.0,0.0,3.5
225,Q2 2022/2023,S08000017,NHS Dumfries & Galloway,Dumfries & Galloway ADP,All services,Drug,Number,10.0,0.0,2.0,1.0,1.0,1.0,0.0,0.0,1.0,12.0,4.0,5.0
228,Q3 2022/2023,S08000017,NHS Dumfries & Galloway,Dumfries & Galloway ADP,All services,Drug,Number,4.0,3.0,3.0,0.0,0.0,0.0,0.0,0.0,1.0,10.0,1.0,12.0
231,Q4 2022/2023,S08000017,NHS Dumfries & Galloway,Dumfries & Galloway ADP,All services,Drug,Number,7.0,1.0,0.0,0.0,0.0,0.0,0.0,0.0,1.0,8.0,1.0,2.0
234,Q1 2023/2024,S08000017,NHS Dumfries & Galloway,Dumfries & Galloway ADP,All services,Drug,Number,11.0,2.0,1.0,0.0,0.0,0.0,0.0,0.0,0.0,14.0,0.0,1.5
237,Q2 2023/2024,S08000017,NHS Dumfries & Galloway,Dumfries & Galloway ADP,All services,Drug,Number,7.0,2.0,1.0,0.0,0.0,0.0,0.0,0.0,0.0,10.0,0.0,5.5
240,Q2 2022/2023,S08000029,NHS Fife,Fife ADP,All services,Alcohol,Number,39.0,28.0,17.0,3.0,2.0,1.0,5.0,2.0,2.0,84.0,15.0,10.0
242,Q3 2022/2023,S08000029,NHS Fife,Fife ADP,All services,Alcohol,Number,35.0,25.0,19.0,3.0,7.0,0.0,1.0,0.0,1.0,79.0,12.0,11.0
244,Q4 2022/2023,S08000029,NHS Fife,Fife ADP,All services,Alcohol,Number,62.0,28.0,9.0,8.0,10.0,1.0,1.0,0.0,0.0,99.0,20.0,5.0
246,Q1 2023/2024,S08000029,NHS Fife,Fife ADP,All services,Alcohol,Number,52.0,30.0,19.0,6.0,21.0,1.0,4.0,0.0,0.0,101.0,32.0,10.0
248,Q2 2023/2024,S08000029,NHS Fife,Fife ADP,All services,Alcohol,Number,56.0,28.0,14.0,8.0,16.0,10.0,2.0,0.0,0.0,98.0,36.0,10.5
250,Q2 2022/2023,S08000029,NHS Fife,Fife ADP,All services,All,Number,81.0,38.0,23.0,5.0,2.0,1.0,7.0,2.0,7.0,142.0,24.0,8.0
252,Q3 2022/2023,S08000029,NHS Fife,Fife ADP,All services,All,Number,61.0,46.0,31.0,6.0,9.0,1.0,1.0,1.0,5.0,138.0,23.0,11.0
254,Q4 2022/2023,S08000029,NHS Fife,Fife ADP,All services,All,Number,115.0,47.0,20.0,12.0,13.0,2.0,1.0,1.0,2.0,182.0,31.0,5.0
256,Q1 2023/2024,S08000029,NHS Fife,Fife ADP,All services,All,Number,97.0,59.0,29.0,11.0,26.0,1.0,4.0,0.0,3.0,185.0,45.0,9.0
258,Q2 2023/2024,S08000029,NHS Fife,Fife ADP,All services,All,Number,116.0,56.0,26.0,11.0,21.0,11.0,4.0,0.0,1.0,198.0,48.0,9.0
260,Q2 2022/2023,S08000029,NHS Fife,Fife ADP,All services,Co-dependency,Number,11.0,4.0,1.0,0.0,0.0,0.0,0.0,0.0,0.0,16.0,0.0,5.0
262,Q3 2022/2023,S08000029,NHS Fife,Fife ADP,All services,Co-dependency,Number,6.0,7.0,3.0,1.0,0.0,0.0,0.0,0.0,0.0,16.0,1.0,10.0
264,Q4 2022/2023,S08000029,NHS Fife,Fife ADP,All services,Co-dependency,Number,12.0,3.0,3.0,2.0,0.0,0.0,0.0,0.0,0.0,18.0,2.0,4.5
266,Q1 2023/2024,S08000029,NHS Fife,Fife ADP,All services,Co-dependency,Number,11.0,1.0,0.0,2.0,1.0,0.0,0.0,0.0,0.0,12.0,3.0,2.0
268,Q2 2023/2024,S08000029,NHS Fife,Fife ADP,All services,Co-dependency,Number,8.0,6.0,3.0,0.0,0.0,0.0,0.0,0.0,0.0,17.0,0.0,10.0
270,Q2 2022/2023,S08000029,NHS Fife,Fife ADP,All services,Drug,Number,31.0,6.0,5.0,2.0,0.0,0.0,2.0,0.0,5.0,42.0,9.0,3.0
272,Q3 2022/2023,S08000029,NHS Fife,Fife ADP,All services,Drug,Number,20.0,14.0,9.0,2.0,2.0,1.0,0.0,1.0,4.0,43.0,10.0,11.0
274,Q4 2022/2023,S08000029,NHS Fife,Fife ADP,All services,Drug,Number,41.0,16.0,8.0,2.0,3.0,1.0,0.0,1.0,2.0,65.0,9.0,5.0
276,Q1 2023/2024,S08000029,NHS Fife,Fife ADP,All services,Drug,Number,34.0,28.0,10.0,3.0,4.0,0.0,0.0,0.0,3.0,72.0,10.0,8.5
278,Q2 2023/2024,S08000029,NHS Fife,Fife ADP,All services,Drug,Number,52.0,22.0,9.0,3.0,5.0,1.0,2.0,0.0,1.0,83.0,12.0,6.0
280,Q2 2022/2023,S08000019,NHS Forth Valley,Clackmannanshire ADP,All services,Alcohol,Number,10.0,5.0,0.0,0.0,3.0,0.0,0.0,1.0,0.0,15.0,4.0,7.0
283,Q3 2022/2023,S08000019,NHS Forth Valley,Clackmannanshire ADP,All services,Alcohol,Number,2.0,9.0,3.0,0.0,2.0,0.0,0.0,0.0,0.0,14.0,2.0,10.0
286,Q4 2022/2023,S08000019,NHS Forth Valley,Clackmannanshire ADP,All services,Alcohol,Number,7.0,4.0,1.0,0.0,1.0,0.0,0.0,0.0,0.0,12.0,1.0,5.0
289,Q1 2023/2024,S08000019,NHS Forth Valley,Clackmannanshire ADP,All services,Alcohol,Number,8.0,7.0,1.0,0.0,0.0,0.0,0.0,0.0,0.0,16.0,0.0,6.5
292,Q2 2023/2024,S08000019,NHS Forth Valley,Clackmannanshire ADP,All services,Alcohol,Number,1.0,5.0,4.0,0.0,13.0,2.0,0.0,0.0,0.0,10.0,15.0,34.0
295,Q2 2022/2023,S08000019,NHS Forth Valley,Clackmannanshire ADP,All services,All,Number,19.0,8.0,3.0,0.0,3.0,0.0,0.0,2.0,0.0,30.0,5.0,5.0
298,Q3 2022/2023,S08000019,NHS Forth Valley,Clackmannanshire ADP,All services,All,Number,4.0,18.0,6.0,0.0,3.0,0.0,0.0,1.0,0.0,28.0,4.0,10.0
301,Q4 2022/2023,S08000019,NHS Forth Valley,Clackmannanshire ADP,All services,All,Number,13.0,7.0,1.0,1.0,1.0,0.0,0.0,0.0,0.0,21.0,2.0,4.0
304,Q1 2023/2024,S08000019,NHS Forth Valley,Clackmannanshire ADP,All services,All,Number,18.0,15.0,2.0,1.0,0.0,0.0,0.0,0.0,0.0,35.0,1.0,7.5
307,Q2 2023/2024,S08000019,NHS Forth Valley,Clackmannanshire ADP,All services,All,Number,6.0,10.0,10.0,5.0,20.0,3.0,0.0,0.0,0.0,26.0,28.0,24.5
310,Q2 2022/2023,S08000019,NHS Forth Valley,Clackmannanshire ADP,All services,Co-dependency,Number,2.0,0.0,0.0,0.0,0.0,0.0,0.0,0.0,0.0,2.0,0.0,3.0
313,Q3 2022/2023,S08000019,NHS Forth Valley,Clackmannanshire ADP,All services,Co-dependency,Number,0.0,4.0,0.0,0.0,0.0,0.0,0.0,0.0,0.0,4.0,0.0,10.5
316,Q4 2022/2023,S08000019,NHS Forth Valley,Clackmannanshire ADP,All services,Co-dependency,Number,1.0,0.0,0.0,0.0,0.0,0.0,0.0,0.0,0.0,1.0,0.0,2.0
319,Q1 2023/2024,S08000019,NHS Forth Valley,Clackmannanshire ADP,All services,Co-dependency,Number,0.0,0.0,0.0,0.0,0.0,0.0,0.0,0.0,0.0,0.0,0.0,0.0
322,Q2 2023/2024,S08000019,NHS Forth Valley,Clackmannanshire ADP,All services,Co-dependency,Number,2.0,4.0,1.0,0.0,0.0,0.0,0.0,0.0,0.0,7.0,0.0,11.0
325,Q2 2022/2023,S08000019,NHS Forth Valley,Clackmannanshire ADP,All services,Drug,Number,7.0,3.0,3.0,0.0,0.0,0.0,0.0,1.0,0.0,13.0,1.0,6.5
328,Q3 2022/2023,S08000019,NHS Forth Valley,Clackmannanshire ADP,All services,Drug,Number,2.0,5.0,3.0,0.0,1.0,0.0,0.0,1.0,0.0,10.0,2.0,10.0
331,Q4 2022/2023,S08000019,NHS Forth Valley,Clackmannanshire ADP,All services,Drug,Number,5.0,3.0,0.0,1.0,0.0,0.0,0.0,0.0,0.0,8.0,1.0,2.0
334,Q1 2023/2024,S08000019,NHS Forth Valley,Clackmannanshire ADP,All services,Drug,Number,10.0,8.0,1.0,1.0,0.0,0.0,0.0,0.0,0.0,19.0,1.0,7.5
337,Q2 2023/2024,S08000019,NHS Forth Valley,Clackmannanshire ADP,All services,Drug,Number,3.0,1.0,5.0,5.0,7.0,1.0,0.0,0.0,0.0,9.0,13.0,26.5
340,Q2 2022/2023,S08000019,NHS Forth Valley,Falkirk ADP,All services,Alcohol,Number,17.0,12.0,8.0,1.0,2.0,1.0,0.0,0.0,0.0,37.0,4.0,8.0
343,Q3 2022/2023,S08000019,NHS Forth Valley,Falkirk ADP,All services,Alcohol,Number,7.0,10.0,7.0,0.0,1.0,1.0,0.0,0.0,0.0,24.0,2.0,11.0
346,Q4 2022/2023,S08000019,NHS Forth Valley,Falkirk ADP,All services,Alcohol,Number,33.0,6.0,2.0,0.0,1.0,0.0,0.0,0.0,0.0,41.0,1.0,3.0
349,Q1 2023/2024,S08000019,NHS Forth Valley,Falkirk ADP,All services,Alcohol,Number,34.0,24.0,9.0,3.0,3.0,0.0,0.0,0.0,0.0,67.0,6.0,8.0
352,Q2 2023/2024,S08000019,NHS Forth Valley,Falkirk ADP,All services,Alcohol,Number,13.0,14.0,12.0,11.0,36.0,6.0,0.0,0.0,0.0,39.0,53.0,25.5
355,Q2 2022/2023,S08000019,NHS Forth Valley,Falkirk ADP,All services,All,Number,48.0,18.0,17.0,1.0,2.0,1.0,1.0,0.0,1.0,83.0,6.0,5.0
358,Q3 2022/2023,S08000019,NHS Forth Valley,Falkirk ADP,All services,All,Number,34.0,19.0,15.0,0.0,4.0,1.0,0.0,1.0,1.0,68.0,7.0,9.0
361,Q4 2022/2023,S08000019,NHS Forth Valley,Falkirk ADP,All services,All,Number,73.0,10.0,3.0,0.0,1.0,0.0,0.0,1.0,1.0,86.0,3.0,2.0
364,Q1 2023/2024,S08000019,NHS Forth Valley,Falkirk ADP,All services,All,Number,66.0,55.0,16.0,5.0,3.0,0.0,0.0,0.0,0.0,137.0,8.0,8.0
367,Q2 2023/2024,S08000019,NHS Forth Valley,Falkirk ADP,All services,All,Number,33.0,30.0,34.0,20.0,62.0,15.0,0.0,0.0,0.0,97.0,97.0,21.5
370,Q2 2022/2023,S08000019,NHS Forth Valley,Falkirk ADP,All services,Co-dependency,Number,11.0,1.0,5.0,0.0,0.0,0.0,0.0,0.0,0.0,17.0,0.0,4.0
373,Q3 2022/2023,S08000019,NHS Forth Valley,Falkirk ADP,All services,Co-dependency,Number,9.0,3.0,4.0,0.0,0.0,0.0,0.0,0.0,0.0,16.0,0.0,5.0
376,Q4 2022/2023,S08000019,NHS Forth Valley,Falkirk ADP,All services,Co-dependency,Number,17.0,2.0,0.0,0.0,0.0,0.0,0.0,0.0,0.0,19.0,0.0,1.0
379,Q1 2023/2024,S08000019,NHS Forth Valley,Falkirk ADP,All services,Co-dependency,Number,11.0,7.0,1.0,0.0,0.0,0.0,0.0,0.0,0.0,19.0,0.0,4.0
382,Q2 2023/2024,S08000019,NHS Forth Valley,Falkirk ADP,All services,Co-dependency,Number,5.0,6.0,4.0,3.0,6.0,3.0,0.0,0.0,0.0,15.0,12.0,17.0
385,Q2 2022/2023,S08000019,NHS Forth Valley,Falkirk ADP,All services,Drug,Number,20.0,5.0,4.0,0.0,0.0,0.0,1.0,0.0,1.0,29.0,2.0,4.0
388,Q3 2022/2023,S08000019,NHS Forth Valley,Falkirk ADP,All services,Drug,Number,18.0,6.0,4.0,0.0,3.0,0.0,0.0,1.0,1.0,28.0,5.0,4.0
391,Q4 2022/2023,S08000019,NHS Forth Valley,Falkirk ADP,All services,Drug,Number,23.0,2.0,1.0,0.0,0.0,0.0,0.0,1.0,1.0,26.0,2.0,1.0
394,Q1 2023/2024,S08000019,NHS Forth Valley,Falkirk ADP,All services,Drug,Number,21.0,24.0,6.0,2.0,0.0,0.0,0.0,0.0,0.0,51.0,2.0,8.0
397,Q2 2023/2024,S08000019,NHS Forth Valley,Falkirk ADP,All services,Drug,Number,15.0,10.0,18.0,6.0,20.0,6.0,0.0,0.0,0.0,43.0,32.0,18.0
400,Q2 2022/2023,S08000019,NHS Forth Valley,Stirling ADP,All services,Alcohol,Number,16.0,7.0,5.0,1.0,3.0,0.0,0.0,0.0,0.0,28.0,4.0,6.5
403,Q3 2022/2023,S08000019,NHS Forth Valley,Stirling ADP,All services,Alcohol,Number,10.0,7.0,4.0,2.0,2.0,0.0,0.0,0.0,0.0,21.0,4.0,12.0
406,Q4 2022/2023,S08000019,NHS Forth Valley,Stirling ADP,All services,Alcohol,Number,13.0,4.0,2.0,0.0,3.0,0.0,0.0,0.0,0.0,19.0,3.0,5.0
409,Q1 2023/2024,S08000019,NHS Forth Valley,Stirling ADP,All services,Alcohol,Number,10.0,7.0,3.0,0.0,0.0,0.0,0.0,0.0,0.0,20.0,0.0,7.0
412,Q2 2023/2024,S08000019,NHS Forth Valley,Stirling ADP,All services,Alcohol,Number,11.0,10.0,4.0,5.0,25.0,4.0,0.0,0.0,0.0,25.0,34.0,26.0
415,Q2 2022/2023,S08000019,NHS Forth Valley,Stirling ADP,All services,All,Number,27.0,15.0,10.0,1.0,4.0,0.0,0.0,0.0,0.0,52.0,5.0,8.0
418,Q3 2022/2023,S08000019,NHS Forth Valley,Stirling ADP,All services,All,Number,17.0,11.0,5.0,3.0,3.0,0.0,0.0,0.0,0.0,33.0,6.0,12.0
421,Q4 2022/2023,S08000019,NHS Forth Valley,Stirling ADP,All services,All,Number,21.0,7.0,3.0,0.0,3.0,0.0,0.0,0.0,0.0,31.0,3.0,5.0
424,Q1 2023/2024,S08000019,NHS Forth Valley,Stirling ADP,All services,All,Number,29.0,23.0,4.0,0.0,0.0,0.0,0.0,0.0,0.0,56.0,0.0,5.0
427,Q2 2023/2024,S08000019,NHS Forth Valley,Stirling ADP,All services,All,Number,21.0,16.0,13.0,5.0,41.0,4.0,0.0,0.0,0.0,50.0,50.0,21.5
430,Q2 2022/2023,S08000019,NHS Forth Valley,Stirling ADP,All services,Co-dependency,Number,3.0,3.0,2.0,0.0,0.0,0.0,0.0,0.0,0.0,8.0,0.0,10.5
433,Q3 2022/2023,S08000019,NHS Forth Valley,Stirling ADP,All services,Co-dependency,Number,2.0,1.0,0.0,0.0,0.0,0.0,0.0,0.0,0.0,3.0,0.0,3.0
436,Q4 2022/2023,S08000019,NHS Forth Valley,Stirling ADP,All services,Co-dependency,Number,1.0,0.0,1.0,0.0,0.0,0.0,0.0,0.0,0.0,2.0,0.0,12.0
439,Q1 2023/2024,S08000019,NHS Forth Valley,Stirling ADP,All services,Co-dependency,Number,3.0,3.0,0.0,0.0,0.0,0.0,0.0,0.0,0.0,6.0,0.0,8.0
442,Q2 2023/2024,S08000019,NHS Forth Valley,Stirling ADP,All services,Co-dependency,Number,2.0,4.0,3.0,0.0,5.0,0.0,0.0,0.0,0.0,9.0,5.0,16.5
445,Q2 2022/2023,S08000019,NHS Forth Valley,Stirling ADP,All services,Drug,Number,8.0,5.0,3.0,0.0,1.0,0.0,0.0,0.0,0.0,16.0,1.0,8.0
448,Q3 2022/2023,S08000019,NHS Forth Valley,Stirling ADP,All services,Drug,Number,5.0,3.0,1.0,1.0,1.0,0.0,0.0,0.0,0.0,9.0,2.0,13.0
451,Q4 2022/2023,S08000019,NHS Forth Valley,Stirling ADP,All services,Drug,Number,7.0,3.0,0.0,0.0,0.0,0.0,0.0,0.0,0.0,10.0,0.0,3.0
454,Q1 2023/2024,S08000019,NHS Forth Valley,Stirling ADP,All services,Drug,Number,16.0,13.0,1.0,0.0,0.0,0.0,0.0,0.0,0.0,30.0,0.0,5.0
457,Q2 2023/2024,S08000019,NHS Forth Valley,Stirling ADP,All services,Drug,Number,8.0,2.0,6.0,0.0,11.0,0.0,0.0,0.0,0.0,16.0,11.0,19.0
460,Q2 2022/2023,S08000020,NHS Grampian,Aberdeen City ADP,All services,Alcohol,Number,20.0,11.0,6.0,3.0,3.0,0.0,0.0,0.0,0.0,37.0,6.0,8.0
462,Q3 2022/2023,S08000020,NHS Grampian,Aberdeen City ADP,All services,Alcohol,Number,13.0,22.0,6.0,2.0,2.0,0.0,0.0,0.0,0.0,41.0,4.0,11.0
464,Q4 2022/2023,S08000020,NHS Grampian,Aberdeen City ADP,All services,Alcohol,Number,25.0,7.0,9.0,3.0,2.0,0.0,0.0,0.0,0.0,41.0,5.0,5.0
466,Q1 2023/2024,S08000020,NHS Grampian,Aberdeen City ADP,All services,Alcohol,Number,19.0,13.0,4.0,0.0,2.0,0.0,0.0,0.0,0.0,36.0,2.0,6.5
468,Q2 2023/2024,S08000020,NHS Grampian,Aberdeen City ADP,All services,Alcohol,Number,18.0,15.0,8.0,8.0,1.0,0.0,0.0,0.0,0.0,41.0,9.0,10.0
470,Q2 2022/2023,S08000020,NHS Grampian,Aberdeen City ADP,All services,All,Number,35.0,20.0,6.0,3.0,3.0,0.0,0.0,0.0,1.0,61.0,7.0,5.5
472,Q3 2022/2023,S08000020,NHS Grampian,Aberdeen City ADP,All services,All,Number,17.0,40.0,8.0,2.0,2.0,0.0,0.0,0.0,1.0,65.0,5.0,10.5
474,Q4 2022/2023,S08000020,NHS Grampian,Aberdeen City ADP,All services,All,Number,39.0,21.0,13.0,4.0,2.0,0.0,0.0,0.0,1.0,73.0,7.0,8.0
476,Q1 2023/2024,S08000020,NHS Grampian,Aberdeen City ADP,All services,All,Number,36.0,21.0,6.0,1.0,3.0,0.0,0.0,0.0,1.0,63.0,5.0,5.0
478,Q2 2023/2024,S08000020,NHS Grampian,Aberdeen City ADP,All services,All,Number,30.0,21.0,10.0,11.0,2.0,0.0,0.0,0.0,0.0,61.0,13.0,10.0
480,Q2 2022/2023,S08000020,NHS Grampian,Aberdeen City ADP,All services,Co-dependency,Number,0.0,0.0,0.0,0.0,0.0,0.0,0.0,0.0,0.0,0.0,0.0,0.0
482,Q3 2022/2023,S08000020,NHS Grampian,Aberdeen City ADP,All services,Co-dependency,Number,0.0,0.0,0.0,0.0,0.0,0.0,0.0,0.0,0.0,0.0,0.0,0.0
484,Q4 2022/2023,S08000020,NHS Grampian,Aberdeen City ADP,All services,Co-dependency,Number,0.0,0.0,0.0,0.0,0.0,0.0,0.0,0.0,0.0,0.0,0.0,0.0
486,Q1 2023/2024,S08000020,NHS Grampian,Aberdeen City ADP,All services,Co-dependency,Number,0.0,0.0,0.0,0.0,0.0,0.0,0.0,0.0,0.0,0.0,0.0,0.0
488,Q2 2023/2024,S08000020,NHS Grampian,Aberdeen City ADP,All services,Co-dependency,Number,0.0,0.0,0.0,0.0,0.0,0.0,0.0,0.0,0.0,0.0,0.0,0.0
490,Q2 2022/2023,S08000020,NHS Grampian,Aberdeen City ADP,All services,Drug,Number,15.0,9.0,0.0,0.0,0.0,0.0,0.0,0.0,1.0,24.0,1.0,4.0
492,Q3 2022/2023,S08000020,NHS Grampian,Aberdeen City ADP,All services,Drug,Number,4.0,18.0,2.0,0.0,0.0,0.0,0.0,0.0,1.0,24.0,1.0,10.0
494,Q4 2022/2023,S08000020,NHS Grampian,Aberdeen City ADP,All services,Drug,Number,14.0,14.0,4.0,1.0,0.0,0.0,0.0,0.0,1.0,32.0,2.0,8.0
496,Q1 2023/2024,S08000020,NHS Grampian,Aberdeen City ADP,All services,Drug,Number,17.0,8.0,2.0,1.0,1.0,0.0,0.0,0.0,1.0,27.0,3.0,4.5
498,Q2 2023/2024,S08000020,NHS Grampian,Aberdeen City ADP,All services,Drug,Number,12.0,6.0,2.0,3.0,1.0,0.0,0.0,0.0,0.0,20.0,4.0,8.0
500,Q2 2022/2023,S08000020,NHS Grampian,Aberdeenshire ADP,All services,Alcohol,Number,14.0,8.0,6.0,2.0,4.0,2.0,5.0,1.0,1.0,28.0,15.0,12.0
503,Q3 2022/2023,S08000020,NHS Grampian,Aberdeenshire ADP,All services,Alcohol,Number,15.0,9.0,2.0,2.0,2.0,0.0,1.0,1.0,1.0,26.0,7.0,9.0
506,Q4 2022/2023,S08000020,NHS Grampian,Aberdeenshire ADP,All services,Alcohol,Number,20.0,10.0,2.0,2.0,3.0,2.0,0.0,0.0,0.0,32.0,7.0,5.0
509,Q1 2023/2024,S08000020,NHS Grampian,Aberdeenshire ADP,All services,Alcohol,Number,20.0,9.0,4.0,0.0,1.0,4.0,1.0,0.0,0.0,33.0,6.0,5.0
512,Q2 2023/2024,S08000020,NHS Grampian,Aberdeenshire ADP,All services,Alcohol,Number,28.0,9.0,4.0,1.0,1.0,0.0,0.0,0.0,0.0,41.0,2.0,5.0
515,Q2 2022/2023,S08000020,NHS Grampian,Aberdeenshire ADP,All services,All,Number,45.0,18.0,11.0,3.0,12.0,4.0,12.0,1.0,2.0,74.0,34.0,10.0
518,Q3 2022/2023,S08000020,NHS Grampian,Aberdeenshire ADP,All services,All,Number,32.0,24.0,8.0,2.0,7.0,0.0,2.0,1.0,1.0,64.0,13.0,9.0
521,Q4 2022/2023,S08000020,NHS Grampian,Aberdeenshire ADP,All services,All,Number,43.0,25.0,7.0,11.0,6.0,3.0,0.0,0.0,0.0,75.0,20.0,8.0
524,Q1 2023/2024,S08000020,NHS Grampian,Aberdeenshire ADP,All services,All,Number,36.0,14.0,11.0,2.0,3.0,4.0,4.0,0.0,0.0,61.0,13.0,8.0
527,Q2 2023/2024,S08000020,NHS Grampian,Aberdeenshire ADP,All services,All,Number,48.0,19.0,6.0,1.0,5.0,0.0,0.0,0.0,0.0,73.0,6.0,5.0
530,Q2 2022/2023,S08000020,NHS Grampian,Aberdeenshire ADP,All services,Co-dependency,Number,6.0,1.0,0.0,0.0,2.0,1.0,0.0,0.0,0.0,7.0,3.0,3.0
533,Q3 2022/2023,S08000020,NHS Grampian,Aberdeenshire ADP,All services,Co-dependency,Number,5.0,3.0,0.0,0.0,0.0,0.0,0.0,0.0,0.0,8.0,0.0,5.5
536,Q4 2022/2023,S08000020,NHS Grampian,Aberdeenshire ADP,All services,Co-dependency,Number,2.0,1.0,0.0,1.0,1.0,0.0,0.0,0.0,0.0,3.0,2.0,8.0
539,Q1 2023/2024,S08000020,NHS Grampian,Aberdeenshire ADP,All services,Co-dependency,Number,2.0,2.0,0.0,0.0,1.0,0.0,0.0,0.0,0.0,4.0,1.0,8.0
542,Q2 2023/2024,S08000020,NHS Grampian,Aberdeenshire ADP,All services,Co-dependency,Number,1.0,3.0,1.0,0.0,2.0,0.0,0.0,0.0,0.0,5.0,2.0,13.0
545,Q2 2022/2023,S08000020,NHS Grampian,Aberdeenshire ADP,All services,Drug,Number,25.0,9.0,5.0,1.0,6.0,1.0,7.0,0.0,1.0,39.0,16.0,9.0
548,Q3 2022/2023,S08000020,NHS Grampian,Aberdeenshire ADP,All services,Drug,Number,12.0,12.0,6.0,0.0,5.0,0.0,1.0,0.0,0.0,30.0,6.0,10.5
551,Q4 2022/2023,S08000020,NHS Grampian,Aberdeenshire ADP,All services,Drug,Number,21.0,14.0,5.0,8.0,2.0,1.0,0.0,0.0,0.0,40.0,11.0,10.0
554,Q1 2023/2024,S08000020,NHS Grampian,Aberdeenshire ADP,All services,Drug,Number,14.0,3.0,7.0,2.0,1.0,0.0,3.0,0.0,0.0,24.0,6.0,9.5
557,Q2 2023/2024,S08000020,NHS Grampian,Aberdeenshire ADP,All services,Drug,Number,19.0,7.0,1.0,0.0,2.0,0.0,0.0,0.0,0.0,27.0,2.0,4.0
560,Q2 2022/2023,S08000020,NHS Grampian,Moray ADP,All services,Alcohol,Number,11.0,0.0,1.0,0.0,0.0,1.0,0.0,0.0,0.0,12.0,1.0,2.0
562,Q3 2022/2023,S08000020,NHS Grampian,Moray ADP,All services,Alcohol,Number,6.0,4.0,0.0,0.0,0.0,0.0,1.0,0.0,0.0,10.0,1.0,7.0
564,Q4 2022/2023,S08000020,NHS Grampian,Moray ADP,All services,Alcohol,Number,16.0,1.0,0.0,0.0,1.0,0.0,0.0,0.0,0.0,17.0,1.0,2.5
566,Q1 2023/2024,S08000020,NHS Grampian,Moray ADP,All services,Alcohol,Number,10.0,1.0,0.0,0.0,0.0,0.0,0.0,0.0,0.0,11.0,0.0,2.0
568,Q2 2023/2024,S08000020,NHS Grampian,Moray ADP,All services,Alcohol,Number,8.0,2.0,2.0,0.0,0.0,0.0,0.0,0.0,0.0,12.0,0.0,4.5
570,Q2 2022/2023,S08000020,NHS Grampian,Moray ADP,All services,All,Number,23.0,0.0,2.0,0.0,0.0,1.0,0.0,0.0,0.0,25.0,1.0,3.0
572,Q3 2022/2023,S08000020,NHS Grampian,Moray ADP,All services,All,Number,11.0,4.0,1.0,1.0,1.0,0.0,1.0,0.0,0.0,16.0,3.0,5.0
574,Q4 2022/2023,S08000020,NHS Grampian,Moray ADP,All services,All,Number,25.0,2.0,0.0,0.0,1.0,0.0,0.0,0.0,0.0,27.0,1.0,2.0
576,Q1 2023/2024,S08000020,NHS Grampian,Moray ADP,All services,All,Number,19.0,1.0,0.0,0.0,1.0,0.0,0.0,0.0,0.0,20.0,1.0,3.0
578,Q2 2023/2024,S08000020,NHS Grampian,Moray ADP,All services,All,Number,15.0,5.0,3.0,0.0,2.0,0.0,0.0,0.0,0.0,23.0,2.0,5.0
580,Q2 2022/2023,S08000020,NHS Grampian,Moray ADP,All services,Co-dependency,Number,6.0,0.0,0.0,0.0,0.0,0.0,0.0,0.0,0.0,6.0,0.0,3.0
582,Q3 2022/2023,S08000020,NHS Grampian,Moray ADP,All services,Co-dependency,Number,1.0,0.0,0.0,0.0,1.0,0.0,0.0,0.0,0.0,1.0,1.0,22.5
584,Q4 2022/2023,S08000020,NHS Grampian,Moray ADP,All services,Co-dependency,Number,2.0,0.0,0.0,0.0,0.0,0.0,0.0,0.0,0.0,2.0,0.0,0.5
586,Q1 2023/2024,S08000020,NHS Grampian,Moray ADP,All services,Co-dependency,Number,1.0,0.0,0.0,0.0,1.0,0.0,0.0,0.0,0.0,1.0,1.0,22.5
588,Q2 2023/2024,S08000020,NHS Grampian,Moray ADP,All services,Co-dependency,Number,2.0,1.0,0.0,0.0,1.0,0.0,0.0,0.0,0.0,3.0,1.0,6.5
590,Q2 2022/2023,S08000020,NHS Grampian,Moray ADP,All services,Drug,Number,6.0,0.0,1.0,0.0,0.0,0.0,0.0,0.0,0.0,7.0,0.0,3.0
592,Q3 2022/2023,S08000020,NHS Grampian,Moray ADP,All services,Drug,Number,4.0,0.0,1.0,1.0,0.0,0.0,0.0,0.0,0.0,5.0,1.0,4.5
594,Q4 2022/2023,S08000020,NHS Grampian,Moray ADP,All services,Drug,Number,7.0,1.0,0.0,0.0,0.0,0.0,0.0,0.0,0.0,8.0,0.0,3.0
596,Q1 2023/2024,S08000020,NHS Grampian,Moray ADP,All services,Drug,Number,8.0,0.0,0.0,0.0,0.0,0.0,0.0,0.0,0.0,8.0,0.0,3.5
598,Q2 2023/2024,S08000020,NHS Grampian,Moray ADP,All services,Drug,Number,5.0,2.0,1.0,0.0,1.0,0.0,0.0,0.0,0.0,8.0,1.0,5.0
600,Q2 2022/2023,S08000031,NHS Greater Glasgow & Clyde,City of Glasgow ADP,All services,Alcohol,Number,53.0,28.0,13.0,3.0,5.0,1.0,4.0,4.0,0.0,94.0,17.0,9.0
603,Q3 2022/2023,S08000031,NHS Greater Glasgow & Clyde,City of Glasgow ADP,All services,Alcohol,Number,27.0,36.0,8.0,3.0,4.0,2.0,2.0,5.0,1.0,71.0,17.0,11.0
606,Q4 2022/2023,S08000031,NHS Greater Glasgow & Clyde,City of Glasgow ADP,All services,Alcohol,Number,64.0,28.0,9.0,3.0,1.0,1.0,0.0,1.0,0.0,101.0,6.0,5.0
609,Q1 2023/2024,S08000031,NHS Greater Glasgow & Clyde,City of Glasgow ADP,All services,Alcohol,Number,62.0,23.0,8.0,3.0,4.0,2.0,2.0,0.0,1.0,93.0,12.0,5.0
612,Q2 2023/2024,S08000031,NHS Greater Glasgow & Clyde,City of Glasgow ADP,All services,Alcohol,Number,56.0,43.0,17.0,8.0,3.0,2.0,4.0,1.0,0.0,116.0,18.0,10.0
615,Q2 2022/2023,S08000031,NHS Greater Glasgow & Clyde,City of Glasgow ADP,All services,All,Number,96.0,41.0,17.0,7.0,11.0,3.0,6.0,5.0,0.0,154.0,32.0,4.5
618,Q3 2022/2023,S08000031,NHS Greater Glasgow & Clyde,City of Glasgow ADP,All services,All,Number,67.0,54.0,13.0,6.0,9.0,2.0,3.0,6.0,1.0,134.0,27.0,10.0
621,Q4 2022/2023,S08000031,NHS Greater Glasgow & Clyde,City of Glasgow ADP,All services,All,Number,131.0,49.0,27.0,12.0,12.0,3.0,0.0,1.0,0.0,207.0,28.0,5.0
624,Q1 2023/2024,S08000031,NHS Greater Glasgow & Clyde,City of Glasgow ADP,All services,All,Number,130.0,47.0,11.0,4.0,12.0,7.0,5.0,0.0,1.0,188.0,29.0,4.0
627,Q2 2023/2024,S08000031,NHS Greater Glasgow & Clyde,City of Glasgow ADP,All services,All,Number,126.0,68.0,29.0,8.0,5.0,2.0,18.0,1.0,0.0,223.0,34.0,9.0
630,Q2 2022/2023,S08000031,NHS Greater Glasgow & Clyde,City of Glasgow ADP,All services,Co-dependency,Number,7.0,3.0,0.0,3.0,2.0,1.0,0.0,0.0,0.0,10.0,6.0,9.0
633,Q3 2022/2023,S08000031,NHS Greater Glasgow & Clyde,City of Glasgow ADP,All services,Co-dependency,Number,12.0,6.0,1.0,1.0,2.0,0.0,1.0,0.0,0.0,19.0,4.0,4.0
636,Q4 2022/2023,S08000031,NHS Greater Glasgow & Clyde,City of Glasgow ADP,All services,Co-dependency,Number,24.0,8.0,8.0,4.0,5.0,0.0,0.0,0.0,0.0,40.0,9.0,8.0
639,Q1 2023/2024,S08000031,NHS Greater Glasgow & Clyde,City of Glasgow ADP,All services,Co-dependency,Number,34.0,12.0,1.0,0.0,4.0,2.0,1.0,0.0,0.0,47.0,7.0,4.0
642,Q2 2023/2024,S08000031,NHS Greater Glasgow & Clyde,City of Glasgow ADP,All services,Co-dependency,Number,32.0,7.0,3.0,0.0,0.0,0.0,5.0,0.0,0.0,42.0,5.0,1.0
645,Q2 2022/2023,S08000031,NHS Greater Glasgow & Clyde,City of Glasgow ADP,All services,Drug,Number,36.0,10.0,4.0,1.0,4.0,1.0,2.0,1.0,0.0,50.0,9.0,2.0
648,Q3 2022/2023,S08000031,NHS Greater Glasgow & Clyde,City of Glasgow ADP,All services,Drug,Number,28.0,12.0,4.0,2.0,3.0,0.0,0.0,1.0,0.0,44.0,6.0,4.0
651,Q4 2022/2023,S08000031,NHS Greater Glasgow & Clyde,City of Glasgow ADP,All services,Drug,Number,43.0,13.0,10.0,5.0,6.0,2.0,0.0,0.0,0.0,66.0,13.0,4.0
654,Q1 2023/2024,S08000031,NHS Greater Glasgow & Clyde,City of Glasgow ADP,All services,Drug,Number,34.0,12.0,2.0,1.0,4.0,3.0,2.0,0.0,0.0,48.0,10.0,5.0
657,Q2 2023/2024,S08000031,NHS Greater Glasgow & Clyde,City of Glasgow ADP,All services,Drug,Number,38.0,18.0,9.0,0.0,2.0,0.0,9.0,0.0,0.0,65.0,11.0,7.5
660,Q2 2022/2023,S08000031,NHS Greater Glasgow & Clyde,East Dunbartonshire ADP,All services,Alcohol,Number,12.0,4.0,2.0,1.0,0.0,0.0,0.0,0.0,0.0,18.0,1.0,4.0
663,Q3 2022/2023,S08000031,NHS Greater Glasgow & Clyde,East Dunbartonshire ADP,All services,Alcohol,Number,3.0,2.0,5.0,3.0,1.0,0.0,0.0,0.0,0.0,10.0,4.0,17.0
666,Q4 2022/2023,S08000031,NHS Greater Glasgow & Clyde,East Dunbartonshire ADP,All services,Alcohol,Number,7.0,2.0,2.0,0.0,0.0,0.0,0.0,0.0,0.0,11.0,0.0,5.0
669,Q1 2023/2024,S08000031,NHS Greater Glasgow & Clyde,East Dunbartonshire ADP,All services,Alcohol,Number,11.0,6.0,2.0,0.0,0.0,0.0,0.0,0.0,0.0,19.0,0.0,5.0
672,Q2 2023/2024,S08000031,NHS Greater Glasgow & Clyde,East Dunbartonshire ADP,All services,Alcohol,Number,15.0,4.0,0.0,0.0,0.0,0.0,0.0,0.0,0.0,19.0,0.0,2.0
675,Q2 2022/2023,S08000031,NHS Greater Glasgow & Clyde,East Dunbartonshire ADP,All services,All,Number,18.0,4.0,3.0,1.0,0.0,0.0,0.0,0.0,0.0,25.0,1.0,4.0
678,Q3 2022/2023,S08000031,NHS Greater Glasgow & Clyde,East Dunbartonshire ADP,All services,All,Number,4.0,2.0,8.0,4.0,2.0,1.0,0.0,0.0,0.0,14.0,7.0,17.0
681,Q4 2022/2023,S08000031,NHS Greater Glasgow & Clyde,East Dunbartonshire ADP,All services,All,Number,10.0,6.0,2.0,1.0,0.0,0.0,0.0,0.0,0.0,18.0,1.0,5.0
684,Q1 2023/2024,S08000031,NHS Greater Glasgow & Clyde,East Dunbartonshire ADP,All services,All,Number,15.0,7.0,3.0,0.0,0.0,0.0,0.0,0.0,0.0,25.0,0.0,5.0
687,Q2 2023/2024,S08000031,NHS Greater Glasgow & Clyde,East Dunbartonshire ADP,All services,All,Number,19.0,5.0,0.0,0.0,0.0,0.0,0.0,0.0,0.0,24.0,0.0,3.0
690,Q2 2022/2023,S08000031,NHS Greater Glasgow & Clyde,East Dunbartonshire ADP,All services,Co-dependency,Number,4.0,0.0,1.0,0.0,0.0,0.0,0.0,0.0,0.0,5.0,0.0,3.0
693,Q3 2022/2023,S08000031,NHS Greater Glasgow & Clyde,East Dunbartonshire ADP,All services,Co-dependency,Number,0.0,0.0,2.0,1.0,0.0,0.0,0.0,0.0,0.0,2.0,1.0,19.0
696,Q4 2022/2023,S08000031,NHS Greater Glasgow & Clyde,East Dunbartonshire ADP,All services,Co-dependency,Number,1.0,3.0,0.0,0.0,0.0,0.0,0.0,0.0,0.0,4.0,0.0,9.0
699,Q1 2023/2024,S08000031,NHS Greater Glasgow & Clyde,East Dunbartonshire ADP,All services,Co-dependency,Number,1.0,0.0,0.0,0.0,0.0,0.0,0.0,0.0,0.0,1.0,0.0,4.0
702,Q2 2023/2024,S08000031,NHS Greater Glasgow & Clyde,East Dunbartonshire ADP,All services,Co-dependency,Number,2.0,0.0,0.0,0.0,0.0,0.0,0.0,0.0,0.0,2.0,0.0,1.0
705,Q2 2022/2023,S08000031,NHS Greater Glasgow & Clyde,East Dunbartonshire ADP,All services,Drug,Number,2.0,0.0,0.0,0.0,0.0,0.0,0.0,0.0,0.0,2.0,0.0,3.5
708,Q3 2022/2023,S08000031,NHS Greater Glasgow & Clyde,East Dunbartonshire ADP,All services,Drug,Number,1.0,0.0,1.0,0.0,1.0,1.0,0.0,0.0,0.0,2.0,2.0,32.0
711,Q4 2022/2023,S08000031,NHS Greater Glasgow & Clyde,East Dunbartonshire ADP,All services,Drug,Number,2.0,1.0,0.0,1.0,0.0,0.0,0.0,0.0,0.0,3.0,1.0,6.0
714,Q1 2023/2024,S08000031,NHS Greater Glasgow & Clyde,East Dunbartonshire ADP,All services,Drug,Number,3.0,1.0,1.0,0.0,0.0,0.0,0.0,0.0,0.0,5.0,0.0,5.0
717,Q2 2023/2024,S08000031,NHS Greater Glasgow & Clyde,East Dunbartonshire ADP,All services,Drug,Number,2.0,1.0,0.0,0.0,0.0,0.0,0.0,0.0,0.0,3.0,0.0,4.0
720,Q2 2022/2023,S08000031,NHS Greater Glasgow & Clyde,East Renfrewshire ADP,All services,Alcohol,Number,3.0,4.0,2.0,0.0,0.0,0.0,0.0,0.0,0.0,9.0,0.0,10.0
722,Q3 2022/2023,S08000031,NHS Greater Glasgow & Clyde,East Renfrewshire ADP,All services,Alcohol,Number,1.0,3.0,8.0,0.0,0.0,0.0,0.0,0.0,0.0,12.0,0.0,17.5
724,Q4 2022/2023,S08000031,NHS Greater Glasgow & Clyde,East Renfrewshire ADP,All services,Alcohol,Number,4.0,4.0,0.0,0.0,0.0,0.0,0.0,0.0,0.0,8.0,0.0,6.5
726,Q1 2023/2024,S08000031,NHS Greater Glasgow & Clyde,East Renfrewshire ADP,All services,Alcohol,Number,11.0,3.0,2.0,0.0,0.0,0.0,0.0,0.0,0.0,16.0,0.0,4.0
728,Q2 2023/2024,S08000031,NHS Greater Glasgow & Clyde,East Renfrewshire ADP,All services,Alcohol,Number,7.0,6.0,0.0,0.0,0.0,0.0,0.0,0.0,0.0,13.0,0.0,5.0
730,Q2 2022/2023,S08000031,NHS Greater Glasgow & Clyde,East Renfrewshire ADP,All services,All,Number,7.0,5.0,2.0,1.0,0.0,0.0,0.0,0.0,0.0,14.0,1.0,10.0
732,Q3 2022/2023,S08000031,NHS Greater Glasgow & Clyde,East Renfrewshire ADP,All services,All,Number,3.0,3.0,8.0,0.0,0.0,0.0,0.0,0.0,0.0,14.0,0.0,16.5
734,Q4 2022/2023,S08000031,NHS Greater Glasgow & Clyde,East Renfrewshire ADP,All services,All,Number,8.0,5.0,0.0,0.0,0.0,0.0,0.0,0.0,0.0,13.0,0.0,5.0
736,Q1 2023/2024,S08000031,NHS Greater Glasgow & Clyde,East Renfrewshire ADP,All services,All,Number,15.0,7.0,2.0,0.0,0.0,0.0,0.0,0.0,0.0,24.0,0.0,4.0
738,Q2 2023/2024,S08000031,NHS Greater Glasgow & Clyde,East Renfrewshire ADP,All services,All,Number,9.0,7.0,0.0,0.0,0.0,0.0,0.0,0.0,0.0,16.0,0.0,5.0
740,Q2 2022/2023,S08000031,NHS Greater Glasgow & Clyde,East Renfrewshire ADP,All services,Co-dependency,Number,1.0,0.0,0.0,0.0,0.0,0.0,0.0,0.0,0.0,1.0,0.0,2.0
742,Q3 2022/2023,S08000031,NHS Greater Glasgow & Clyde,East Renfrewshire ADP,All services,Co-dependency,Number,1.0,0.0,0.0,0.0,0.0,0.0,0.0,0.0,0.0,1.0,0.0,3.0
744,Q4 2022/2023,S08000031,NHS Greater Glasgow & Clyde,East Renfrewshire ADP,All services,Co-dependency,Number,4.0,0.0,0.0,0.0,0.0,0.0,0.0,0.0,0.0,4.0,0.0,3.5
746,Q1 2023/2024,S08000031,NHS Greater Glasgow & Clyde,East Renfrewshire ADP,All services,Co-dependency,Number,2.0,1.0,0.0,0.0,0.0,0.0,0.0,0.0,0.0,3.0,0.0,2.0
748,Q2 2023/2024,S08000031,NHS Greater Glasgow & Clyde,East Renfrewshire ADP,All services,Co-dependency,Number,1.0,1.0,0.0,0.0,0.0,0.0,0.0,0.0,0.0,2.0,0.0,8.5
750,Q2 2022/2023,S08000031,NHS Greater Glasgow & Clyde,East Renfrewshire ADP,All services,Drug,Number,3.0,1.0,0.0,1.0,0.0,0.0,0.0,0.0,0.0,4.0,1.0,4.0
752,Q3 2022/2023,S08000031,NHS Greater Glasgow & Clyde,East Renfrewshire ADP,All services,Drug,Number,1.0,0.0,0.0,0.0,0.0,0.0,0.0,0.0,0.0,1.0,0.0,6.0
754,Q4 2022/2023,S08000031,NHS Greater Glasgow & Clyde,East Renfrewshire ADP,All services,Drug,Number,0.0,1.0,0.0,0.0,0.0,0.0,0.0,0.0,0.0,1.0,0.0,10.0
756,Q1 2023/2024,S08000031,NHS Greater Glasgow & Clyde,East Renfrewshire ADP,All services,Drug,Number,2.0,3.0,0.0,0.0,0.0,0.0,0.0,0.0,0.0,5.0,0.0,10.0
758,Q2 2023/2024,S08000031,NHS Greater Glasgow & Clyde,East Renfrewshire ADP,All services,Drug,Number,1.0,0.0,0.0,0.0,0.0,0.0,0.0,0.0,0.0,1.0,0.0,0.0
760,Q2 2022/2023,S08000031,NHS Greater Glasgow & Clyde,Inverclyde ADP,All services,Alcohol,Number,17.0,3.0,0.0,2.0,2.0,0.0,0.0,0.0,0.0,20.0,4.0,3.5
763,Q3 2022/2023,S08000031,NHS Greater Glasgow & Clyde,Inverclyde ADP,All services,Alcohol,Number,7.0,7.0,0.0,0.0,3.0,0.0,0.0,0.0,0.0,14.0,3.0,9.0
766,Q4 2022/2023,S08000031,NHS Greater Glasgow & Clyde,Inverclyde ADP,All services,Alcohol,Number,14.0,6.0,0.0,1.0,0.0,0.0,0.0,0.0,0.0,20.0,1.0,4.0
769,Q1 2023/2024,S08000031,NHS Greater Glasgow & Clyde,Inverclyde ADP,All services,Alcohol,Number,13.0,1.0,1.0,1.0,0.0,0.0,0.0,0.0,0.0,15.0,1.0,3.5
772,Q2 2023/2024,S08000031,NHS Greater Glasgow & Clyde,Inverclyde ADP,All services,Alcohol,Number,9.0,4.0,1.0,0.0,1.0,0.0,0.0,0.0,0.0,14.0,1.0,4.0
775,Q2 2022/2023,S08000031,NHS Greater Glasgow & Clyde,Inverclyde ADP,All services,All,Number,27.0,7.0,1.0,2.0,2.0,0.0,1.0,0.0,0.0,35.0,5.0,3.5
778,Q3 2022/2023,S08000031,NHS Greater Glasgow & Clyde,Inverclyde ADP,All services,All,Number,8.0,11.0,3.0,0.0,6.0,0.0,0.0,0.0,0.0,22.0,6.0,11.0
781,Q4 2022/2023,S08000031,NHS Greater Glasgow & Clyde,Inverclyde ADP,All services,All,Number,22.0,12.0,1.0,1.0,1.0,0.0,0.0,0.0,0.0,35.0,2.0,5.0
784,Q1 2023/2024,S08000031,NHS Greater Glasgow & Clyde,Inverclyde ADP,All services,All,Number,21.0,3.0,2.0,1.0,3.0,0.0,0.0,0.0,0.0,26.0,4.0,4.0
787,Q2 2023/2024,S08000031,NHS Greater Glasgow & Clyde,Inverclyde ADP,All services,All,Number,14.0,9.0,2.0,0.0,1.0,0.0,0.0,0.0,0.0,25.0,1.0,5.5
790,Q2 2022/2023,S08000031,NHS Greater Glasgow & Clyde,Inverclyde ADP,All services,Co-dependency,Number,2.0,0.0,0.0,0.0,0.0,0.0,1.0,0.0,0.0,2.0,1.0,4.0
793,Q3 2022/2023,S08000031,NHS Greater Glasgow & Clyde,Inverclyde ADP,All services,Co-dependency,Number,0.0,2.0,1.0,0.0,0.0,0.0,0.0,0.0,0.0,3.0,0.0,13.0
796,Q4 2022/2023,S08000031,NHS Greater Glasgow & Clyde,Inverclyde ADP,All services,Co-dependency,Number,0.0,3.0,0.0,0.0,0.0,0.0,0.0,0.0,0.0,3.0,0.0,11.0
799,Q1 2023/2024,S08000031,NHS Greater Glasgow & Clyde,Inverclyde ADP,All services,Co-dependency,Number,1.0,0.0,1.0,0.0,1.0,0.0,0.0,0.0,0.0,2.0,1.0,15.0
802,Q2 2023/2024,S08000031,NHS Greater Glasgow & Clyde,Inverclyde ADP,All services,Co-dependency,Number,1.0,1.0,0.0,0.0,0.0,0.0,0.0,0.0,0.0,2.0,0.0,8.0
805,Q2 2022/2023,S08000031,NHS Greater Glasgow & Clyde,Inverclyde ADP,All services,Drug,Number,8.0,4.0,1.0,0.0,0.0,0.0,0.0,0.0,0.0,13.0,0.0,3.0
808,Q3 2022/2023,S08000031,NHS Greater Glasgow & Clyde,Inverclyde ADP,All services,Drug,Number,1.0,2.0,2.0,0.0,3.0,0.0,0.0,0.0,0.0,5.0,3.0,16.5
811,Q4 2022/2023,S08000031,NHS Greater Glasgow & Clyde,Inverclyde ADP,All services,Drug,Number,8.0,3.0,1.0,0.0,1.0,0.0,0.0,0.0,0.0,12.0,1.0,5.0
814,Q1 2023/2024,S08000031,NHS Greater Glasgow & Clyde,Inverclyde ADP,All services,Drug,Number,7.0,2.0,0.0,0.0,2.0,0.0,0.0,0.0,0.0,9.0,2.0,6.0
817,Q2 2023/2024,S08000031,NHS Greater Glasgow & Clyde,Inverclyde ADP,All services,Drug,Number,4.0,4.0,1.0,0.0,0.0,0.0,0.0,0.0,0.0,9.0,0.0,9.0
820,Q2 2022/2023,S08000031,NHS Greater Glasgow & Clyde,Renfrewshire ADP,All services,Alcohol,Number,10.0,6.0,5.0,8.0,7.0,9.0,7.0,1.0,1.0,21.0,33.0,25.0
823,Q3 2022/2023,S08000031,NHS Greater Glasgow & Clyde,Renfrewshire ADP,All services,Alcohol,Number,7.0,28.0,10.0,9.0,9.0,8.0,1.0,1.0,1.0,45.0,29.0,16.0
826,Q4 2022/2023,S08000031,NHS Greater Glasgow & Clyde,Renfrewshire ADP,All services,Alcohol,Number,25.0,25.0,17.0,5.0,3.0,0.0,0.0,0.0,1.0,67.0,9.0,11.0
829,Q1 2023/2024,S08000031,NHS Greater Glasgow & Clyde,Renfrewshire ADP,All services,Alcohol,Number,38.0,15.0,9.0,9.0,4.0,0.0,0.0,0.0,1.0,62.0,14.0,6.5
832,Q2 2023/2024,S08000031,NHS Greater Glasgow & Clyde,Renfrewshire ADP,All services,Alcohol,Number,31.0,8.0,1.0,0.0,0.0,0.0,1.0,0.0,0.0,40.0,1.0,4.0
835,Q2 2022/2023,S08000031,NHS Greater Glasgow & Clyde,Renfrewshire ADP,All services,All,Number,18.0,12.0,6.0,10.0,12.0,11.0,9.0,2.0,2.0,36.0,46.0,23.0
838,Q3 2022/2023,S08000031,NHS Greater Glasgow & Clyde,Renfrewshire ADP,All services,All,Number,14.0,32.0,13.0,10.0,11.0,8.0,2.0,2.0,2.0,59.0,35.0,15.5
841,Q4 2022/2023,S08000031,NHS Greater Glasgow & Clyde,Renfrewshire ADP,All services,All,Number,39.0,38.0,20.0,7.0,4.0,1.0,0.0,0.0,1.0,97.0,13.0,10.5
844,Q1 2023/2024,S08000031,NHS Greater Glasgow & Clyde,Renfrewshire ADP,All services,All,Number,53.0,22.0,14.0,11.0,6.0,0.0,0.0,0.0,1.0,89.0,18.0,8.0
847,Q2 2023/2024,S08000031,NHS Greater Glasgow & Clyde,Renfrewshire ADP,All services,All,Number,52.0,15.0,2.0,0.0,0.0,0.0,1.0,0.0,0.0,69.0,1.0,4.0
850,Q2 2022/2023,S08000031,NHS Greater Glasgow & Clyde,Renfrewshire ADP,All services,Co-dependency,Number,4.0,1.0,1.0,0.0,0.0,2.0,1.0,0.0,0.0,6.0,3.0,10.0
853,Q3 2022/2023,S08000031,NHS Greater Glasgow & Clyde,Renfrewshire ADP,All services,Co-dependency,Number,3.0,0.0,1.0,0.0,1.0,0.0,1.0,0.0,0.0,4.0,2.0,11.0
856,Q4 2022/2023,S08000031,NHS Greater Glasgow & Clyde,Renfrewshire ADP,All services,Co-dependency,Number,4.0,1.0,0.0,0.0,1.0,0.0,0.0,0.0,0.0,5.0,1.0,4.5
859,Q1 2023/2024,S08000031,NHS Greater Glasgow & Clyde,Renfrewshire ADP,All services,Co-dependency,Number,6.0,1.0,2.0,0.0,2.0,0.0,0.0,0.0,0.0,9.0,2.0,4.0
862,Q2 2023/2024,S08000031,NHS Greater Glasgow & Clyde,Renfrewshire ADP,All services,Co-dependency,Number,12.0,3.0,1.0,0.0,0.0,0.0,0.0,0.0,0.0,16.0,0.0,3.0
865,Q2 2022/2023,S08000031,NHS Greater Glasgow & Clyde,Renfrewshire ADP,All services,Drug,Number,4.0,5.0,0.0,2.0,5.0,0.0,1.0,1.0,1.0,9.0,10.0,22.0
868,Q3 2022/2023,S08000031,NHS Greater Glasgow & Clyde,Renfrewshire ADP,All services,Drug,Number,4.0,4.0,2.0,1.0,1.0,0.0,0.0,1.0,1.0,10.0,4.0,12.5
871,Q4 2022/2023,S08000031,NHS Greater Glasgow & Clyde,Renfrewshire ADP,All services,Drug,Number,10.0,12.0,3.0,2.0,0.0,1.0,0.0,0.0,0.0,25.0,3.0,10.0
874,Q1 2023/2024,S08000031,NHS Greater Glasgow & Clyde,Renfrewshire ADP,All services,Drug,Number,9.0,6.0,3.0,2.0,0.0,0.0,0.0,0.0,0.0,18.0,2.0,8.0
877,Q2 2023/2024,S08000031,NHS Greater Glasgow & Clyde,Renfrewshire ADP,All services,Drug,Number,9.0,4.0,0.0,0.0,0.0,0.0,0.0,0.0,0.0,13.0,0.0,5.0
880,Q2 2022/2023,S08000031,NHS Greater Glasgow & Clyde,West Dunbartonshire ADP,All services,Alcohol,Number,21.0,16.0,5.0,0.0,2.0,1.0,0.0,0.0,0.0,42.0,3.0,8.0
882,Q3 2022/2023,S08000031,NHS Greater Glasgow & Clyde,West Dunbartonshire ADP,All services,Alcohol,Number,14.0,7.0,2.0,0.0,0.0,0.0,0.0,0.0,0.0,23.0,0.0,3.0
884,Q4 2022/2023,S08000031,NHS Greater Glasgow & Clyde,West Dunbartonshire ADP,All services,Alcohol,Number,16.0,10.0,0.0,1.0,0.0,0.0,0.0,0.0,0.0,26.0,1.0,5.0
886,Q1 2023/2024,S08000031,NHS Greater Glasgow & Clyde,West Dunbartonshire ADP,All services,Alcohol,Number,23.0,6.0,2.0,1.0,0.0,0.0,0.0,0.0,0.0,31.0,1.0,3.0
888,Q2 2023/2024,S08000031,NHS Greater Glasgow & Clyde,West Dunbartonshire ADP,All services,Alcohol,Number,13.0,3.0,0.0,0.0,0.0,0.0,0.0,0.0,0.0,16.0,0.0,2.0
890,Q2 2022/2023,S08000031,NHS Greater Glasgow & Clyde,West Dunbartonshire ADP,All services,All,Number,39.0,22.0,7.0,0.0,2.0,1.0,0.0,1.0,0.0,68.0,4.0,4.0
892,Q3 2022/2023,S08000031,NHS Greater Glasgow & Clyde,West Dunbartonshire ADP,All services,All,Number,26.0,13.0,2.0,0.0,1.0,0.0,0.0,0.0,0.0,41.0,1.0,3.0
894,Q4 2022/2023,S08000031,NHS Greater Glasgow & Clyde,West Dunbartonshire ADP,All services,All,Number,31.0,14.0,1.0,1.0,1.0,0.0,0.0,0.0,0.0,46.0,2.0,4.0
896,Q1 2023/2024,S08000031,NHS Greater Glasgow & Clyde,West Dunbartonshire ADP,All services,All,Number,38.0,8.0,3.0,1.0,0.0,0.0,0.0,0.0,0.0,49.0,1.0,2.5
898,Q2 2023/2024,S08000031,NHS Greater Glasgow & Clyde,West Dunbartonshire ADP,All services,All,Number,31.0,9.0,1.0,0.0,0.0,0.0,0.0,0.0,0.0,41.0,0.0,3.0
900,Q2 2022/2023,S08000031,NHS Greater Glasgow & Clyde,West Dunbartonshire ADP,All services,Co-dependency,Number,6.0,3.0,0.0,0.0,0.0,0.0,0.0,0.0,0.0,9.0,0.0,3.0
902,Q3 2022/2023,S08000031,NHS Greater Glasgow & Clyde,West Dunbartonshire ADP,All services,Co-dependency,Number,3.0,3.0,0.0,0.0,0.0,0.0,0.0,0.0,0.0,6.0,0.0,7.5
904,Q4 2022/2023,S08000031,NHS Greater Glasgow & Clyde,West Dunbartonshire ADP,All services,Co-dependency,Number,6.0,1.0,0.0,0.0,0.0,0.0,0.0,0.0,0.0,7.0,0.0,2.0
906,Q1 2023/2024,S08000031,NHS Greater Glasgow & Clyde,West Dunbartonshire ADP,All services,Co-dependency,Number,3.0,0.0,1.0,0.0,0.0,0.0,0.0,0.0,0.0,4.0,0.0,3.0
908,Q2 2023/2024,S08000031,NHS Greater Glasgow & Clyde,West Dunbartonshire ADP,All services,Co-dependency,Number,10.0,2.0,0.0,0.0,0.0,0.0,0.0,0.0,0.0,12.0,0.0,2.0
910,Q2 2022/2023,S08000031,NHS Greater Glasgow & Clyde,West Dunbartonshire ADP,All services,Drug,Number,12.0,3.0,2.0,0.0,0.0,0.0,0.0,1.0,0.0,17.0,1.0,2.5
912,Q3 2022/2023,S08000031,NHS Greater Glasgow & Clyde,West Dunbartonshire ADP,All services,Drug,Number,9.0,3.0,0.0,0.0,1.0,0.0,0.0,0.0,0.0,12.0,1.0,3.0
914,Q4 2022/2023,S08000031,NHS Greater Glasgow & Clyde,West Dunbartonshire ADP,All services,Drug,Number,9.0,3.0,1.0,0.0,1.0,0.0,0.0,0.0,0.0,13.0,1.0,3.5
916,Q1 2023/2024,S08000031,NHS Greater Glasgow & Clyde,West Dunbartonshire ADP,All services,Drug,Number,12.0,2.0,0.0,0.0,0.0,0.0,0.0,0.0,0.0,14.0,0.0,2.0
918,Q2 2023/2024,S08000031,NHS Greater Glasgow & Clyde,West Dunbartonshire ADP,All services,Drug,Number,8.0,4.0,1.0,0.0,0.0,0.0,0.0,0.0,0.0,13.0,0.0,5.0
920,Q2 2022/2023,S08000022,NHS Highland,Argyll & Bute ADP,All services,Alcohol,Number,9.0,8.0,5.0,3.0,8.0,3.0,10.0,4.0,0.0,22.0,28.0,29.0
922,Q3 2022/2023,S08000022,NHS Highland,Argyll & Bute ADP,All services,Alcohol,Number,7.0,6.0,5.0,5.0,3.0,4.0,8.0,10.0,0.0,18.0,30.0,31.0
924,Q4 2022/2023,S08000022,NHS Highland,Argyll & Bute ADP,All services,Alcohol,Number,8.0,5.0,5.0,3.0,9.0,8.0,8.0,5.0,2.0,18.0,35.0,47.0
926,Q1 2023/2024,S08000022,NHS Highland,Argyll & Bute ADP,All services,Alcohol,Number,13.0,2.0,6.0,6.0,5.0,4.0,10.0,1.0,1.0,21.0,27.0,23.0
928,Q2 2023/2024,S08000022,NHS Highland,Argyll & Bute ADP,All services,Alcohol,Number,8.0,7.0,8.0,5.0,8.0,8.0,13.0,6.0,0.0,23.0,40.0,41.0
930,Q2 2022/2023,S08000022,NHS Highland,Argyll & Bute ADP,All services,All,Number,15.0,9.0,8.0,4.0,11.0,4.0,14.0,6.0,0.0,32.0,39.0,26.0
932,Q3 2022/2023,S08000022,NHS Highland,Argyll & Bute ADP,All services,All,Number,11.0,7.0,6.0,6.0,4.0,5.0,8.0,13.0,0.0,24.0,36.0,28.5
934,Q4 2022/2023,S08000022,NHS Highland,Argyll & Bute ADP,All services,All,Number,15.0,8.0,9.0,6.0,12.0,8.0,9.0,5.0,3.0,32.0,43.0,26.0
936,Q1 2023/2024,S08000022,NHS Highland,Argyll & Bute ADP,All services,All,Number,18.0,3.0,7.0,6.0,7.0,4.0,12.0,2.0,1.0,28.0,32.0,23.0
938,Q2 2023/2024,S08000022,NHS Highland,Argyll & Bute ADP,All services,All,Number,11.0,11.0,14.0,6.0,11.0,9.0,18.0,7.0,0.0,36.0,51.0,31.0
940,Q2 2022/2023,S08000022,NHS Highland,Argyll & Bute ADP,All services,Co-dependency,Number,1.0,1.0,3.0,0.0,1.0,0.0,3.0,0.0,0.0,5.0,4.0,18.0
942,Q3 2022/2023,S08000022,NHS Highland,Argyll & Bute ADP,All services,Co-dependency,Number,0.0,1.0,0.0,1.0,0.0,0.0,0.0,1.0,0.0,1.0,2.0,24.0
944,Q4 2022/2023,S08000022,NHS Highland,Argyll & Bute ADP,All services,Co-dependency,Number,1.0,1.0,3.0,1.0,1.0,0.0,0.0,0.0,0.0,5.0,2.0,17.0
946,Q1 2023/2024,S08000022,NHS Highland,Argyll & Bute ADP,All services,Co-dependency,Number,3.0,1.0,0.0,0.0,1.0,0.0,0.0,0.0,0.0,4.0,1.0,7.0
948,Q2 2023/2024,S08000022,NHS Highland,Argyll & Bute ADP,All services,Co-dependency,Number,0.0,2.0,4.0,0.0,2.0,0.0,3.0,0.0,0.0,6.0,5.0,20.0
950,Q2 2022/2023,S08000022,NHS Highland,Argyll & Bute ADP,All services,Drug,Number,5.0,0.0,0.0,1.0,2.0,1.0,1.0,2.0,0.0,5.0,7.0,30.5
952,Q3 2022/2023,S08000022,NHS Highland,Argyll & Bute ADP,All services,Drug,Number,4.0,0.0,1.0,0.0,1.0,1.0,0.0,2.0,0.0,5.0,4.0,16.0
954,Q4 2022/2023,S08000022,NHS Highland,Argyll & Bute ADP,All services,Drug,Number,6.0,2.0,1.0,2.0,2.0,0.0,1.0,0.0,1.0,9.0,6.0,10.0
956,Q1 2023/2024,S08000022,NHS Highland,Argyll & Bute ADP,All services,Drug,Number,2.0,0.0,1.0,0.0,1.0,0.0,2.0,1.0,0.0,3.0,4.0,31.0
958,Q2 2023/2024,S08000022,NHS Highland,Argyll & Bute ADP,All services,Drug,Number,3.0,2.0,2.0,1.0,1.0,1.0,2.0,1.0,0.0,7.0,6.0,19.0
960,Q2 2022/2023,S08000022,NHS Highland,Highland ADP,All services,Alcohol,Number,11.0,6.0,3.0,5.0,20.0,4.0,4.0,1.0,0.0,20.0,34.0,30.5
963,Q3 2022/2023,S08000022,NHS Highland,Highland ADP,All services,Alcohol,Number,6.0,9.0,2.0,6.0,2.0,4.0,2.0,1.0,0.0,17.0,15.0,17.0
966,Q4 2022/2023,S08000022,NHS Highland,Highland ADP,All services,Alcohol,Number,13.0,11.0,4.0,2.0,3.0,0.0,0.0,0.0,0.0,28.0,5.0,9.0
969,Q1 2023/2024,S08000022,NHS Highland,Highland ADP,All services,Alcohol,Number,17.0,9.0,0.0,1.0,3.0,0.0,0.0,0.0,0.0,26.0,4.0,4.5
972,Q2 2023/2024,S08000022,NHS Highland,Highland ADP,All services,Alcohol,Number,11.0,4.0,2.0,3.0,4.0,0.0,1.0,0.0,0.0,17.0,8.0,13.0
975,Q2 2022/2023,S08000022,NHS Highland,Highland ADP,All services,All,Number,22.0,11.0,7.0,9.0,22.0,8.0,5.0,1.0,0.0,40.0,45.0,23.0
978,Q3 2022/2023,S08000022,NHS Highland,Highland ADP,All services,All,Number,10.0,11.0,2.0,6.0,3.0,6.0,2.0,1.0,0.0,23.0,18.0,13.0
981,Q4 2022/2023,S08000022,NHS Highland,Highland ADP,All services,All,Number,23.0,13.0,4.0,3.0,4.0,0.0,0.0,0.0,0.0,40.0,7.0,8.0
984,Q1 2023/2024,S08000022,NHS Highland,Highland ADP,All services,All,Number,25.0,13.0,1.0,1.0,5.0,0.0,0.0,0.0,0.0,39.0,6.0,4.0
987,Q2 2023/2024,S08000022,NHS Highland,Highland ADP,All services,All,Number,22.0,9.0,3.0,3.0,4.0,0.0,1.0,0.0,0.0,34.0,8.0,5.5
990,Q2 2022/2023,S08000022,NHS Highland,Highland ADP,All services,Co-dependency,Number,2.0,3.0,1.0,1.0,2.0,1.0,1.0,0.0,0.0,6.0,5.0,18.0
993,Q3 2022/2023,S08000022,NHS Highland,Highland ADP,All services,Co-dependency,Number,2.0,1.0,0.0,0.0,1.0,1.0,0.0,0.0,0.0,3.0,2.0,13.0
996,Q4 2022/2023,S08000022,NHS Highland,Highland ADP,All services,Co-dependency,Number,2.0,0.0,0.0,0.0,0.0,0.0,0.0,0.0,0.0,2.0,0.0,4.5
999,Q1 2023/2024,S08000022,NHS Highland,Highland ADP,All services,Co-dependency,Number,2.0,1.0,0.0,0.0,0.0,0.0,0.0,0.0,0.0,3.0,0.0,3.0
1002,Q2 2023/2024,S08000022,NHS Highland,Highland ADP,All services,Co-dependency,Number,3.0,4.0,1.0,0.0,0.0,0.0,0.0,0.0,0.0,8.0,0.0,11.0
1005,Q2 2022/2023,S08000022,NHS Highland,Highland ADP,All services,Drug,Number,9.0,2.0,3.0,3.0,0.0,3.0,0.0,0.0,0.0,14.0,6.0,9.5
1008,Q3 2022/2023,S08000022,NHS Highland,Highland ADP,All services,Drug,Number,2.0,1.0,0.0,0.0,0.0,1.0,0.0,0.0,0.0,3.0,1.0,6.0
1011,Q4 2022/2023,S08000022,NHS Highland,Highland ADP,All services,Drug,Number,8.0,2.0,0.0,1.0,1.0,0.0,0.0,0.0,0.0,10.0,2.0,4.0
1014,Q1 2023/2024,S08000022,NHS Highland,Highland ADP,All services,Drug,Number,6.0,3.0,1.0,0.0,2.0,0.0,0.0,0.0,0.0,10.0,2.0,7.0
1017,Q2 2023/2024,S08000022,NHS Highland,Highland ADP,All services,Drug,Number,8.0,1.0,0.0,0.0,0.0,0.0,0.0,0.0,0.0,9.0,0.0,1.0
1020,Q2 2022/2023,S08000032,NHS Lanarkshire,North Lanarkshire ADP,All services,Alcohol,Number,60.0,48.0,33.0,1.0,4.0,0.0,1.0,0.0,0.0,141.0,6.0,9.0
1024,Q3 2022/2023,S08000032,NHS Lanarkshire,North Lanarkshire ADP,All services,Alcohol,Number,46.0,57.0,23.0,2.0,2.0,0.0,0.0,0.0,0.0,126.0,4.0,10.0
1028,Q4 2022/2023,S08000032,NHS Lanarkshire,North Lanarkshire ADP,All services,Alcohol,Number,63.0,56.0,9.0,4.0,6.0,0.0,0.0,0.0,0.0,128.0,10.0,9.0
1032,Q1 2023/2024,S08000032,NHS Lanarkshire,North Lanarkshire ADP,All services,Alcohol,Number,85.0,56.0,30.0,7.0,6.0,1.0,0.0,0.0,0.0,171.0,14.0,9.0
1036,Q2 2023/2024,S08000032,NHS Lanarkshire,North Lanarkshire ADP,All services,Alcohol,Number,101.0,53.0,27.0,2.0,0.0,1.0,0.0,0.0,0.0,181.0,3.0,6.0
1040,Q2 2022/2023,S08000032,NHS Lanarkshire,North Lanarkshire ADP,All services,All,Number,139.0,81.0,47.0,4.0,6.0,0.0,1.0,2.0,0.0,267.0,13.0,8.0
1044,Q3 2022/2023,S08000032,NHS Lanarkshire,North Lanarkshire ADP,All services,All,Number,87.0,120.0,49.0,10.0,7.0,0.0,0.0,2.0,0.0,256.0,19.0,10.0
1048,Q4 2022/2023,S08000032,NHS Lanarkshire,North Lanarkshire ADP,All services,All,Number,145.0,110.0,28.0,8.0,7.0,0.0,0.0,0.0,0.0,283.0,15.0,8.0
1052,Q1 2023/2024,S08000032,NHS Lanarkshire,North Lanarkshire ADP,All services,All,Number,166.0,112.0,65.0,12.0,19.0,2.0,0.0,0.0,0.0,343.0,33.0,9.0
1056,Q2 2023/2024,S08000032,NHS Lanarkshire,North Lanarkshire ADP,All services,All,Number,195.0,97.0,59.0,4.0,1.0,1.0,0.0,0.0,0.0,351.0,6.0,5.0
1060,Q2 2022/2023,S08000032,NHS Lanarkshire,North Lanarkshire ADP,All services,Co-dependency,Number,34.0,14.0,8.0,2.0,0.0,0.0,0.0,1.0,0.0,56.0,3.0,4.0
1064,Q3 2022/2023,S08000032,NHS Lanarkshire,North Lanarkshire ADP,All services,Co-dependency,Number,18.0,30.0,10.0,3.0,2.0,0.0,0.0,1.0,0.0,58.0,6.0,10.5
1068,Q4 2022/2023,S08000032,NHS Lanarkshire,North Lanarkshire ADP,All services,Co-dependency,Number,38.0,19.0,11.0,4.0,1.0,0.0,0.0,0.0,0.0,68.0,5.0,5.0
1072,Q1 2023/2024,S08000032,NHS Lanarkshire,North Lanarkshire ADP,All services,Co-dependency,Number,37.0,26.0,13.0,3.0,6.0,1.0,0.0,0.0,0.0,76.0,10.0,8.0
1076,Q2 2023/2024,S08000032,NHS Lanarkshire,North Lanarkshire ADP,All services,Co-dependency,Number,44.0,25.0,15.0,1.0,0.0,0.0,0.0,0.0,0.0,84.0,1.0,6.0
1080,Q2 2022/2023,S08000032,NHS Lanarkshire,North Lanarkshire ADP,All services,Drug,Number,45.0,19.0,6.0,1.0,2.0,0.0,0.0,1.0,0.0,70.0,4.0,4.0
1084,Q3 2022/2023,S08000032,NHS Lanarkshire,North Lanarkshire ADP,All services,Drug,Number,23.0,33.0,16.0,5.0,3.0,0.0,0.0,1.0,0.0,72.0,9.0,12.0
1088,Q4 2022/2023,S08000032,NHS Lanarkshire,North Lanarkshire ADP,All services,Drug,Number,44.0,35.0,8.0,0.0,0.0,0.0,0.0,0.0,0.0,87.0,0.0,7.0
1092,Q1 2023/2024,S08000032,NHS Lanarkshire,North Lanarkshire ADP,All services,Drug,Number,44.0,30.0,22.0,2.0,7.0,0.0,0.0,0.0,0.0,96.0,9.0,8.0
1096,Q2 2023/2024,S08000032,NHS Lanarkshire,North Lanarkshire ADP,All services,Drug,Number,50.0,19.0,17.0,1.0,1.0,0.0,0.0,0.0,0.0,86.0,2.0,5.0
1100,Q2 2022/2023,S08000032,NHS Lanarkshire,South Lanarkshire ADP,All services,Alcohol,Number,38.0,21.0,21.0,4.0,4.0,1.0,1.0,1.0,0.0,80.0,11.0,9.0
1103,Q3 2022/2023,S08000032,NHS Lanarkshire,South Lanarkshire ADP,All services,Alcohol,Number,15.0,41.0,11.0,0.0,2.0,0.0,3.0,1.0,0.0,67.0,6.0,11.0
1106,Q4 2022/2023,S08000032,NHS Lanarkshire,South Lanarkshire ADP,All services,Alcohol,Number,49.0,40.0,16.0,2.0,4.0,1.0,2.0,1.0,1.0,105.0,11.0,9.0
1109,Q1 2023/2024,S08000032,NHS Lanarkshire,South Lanarkshire ADP,All services,Alcohol,Number,44.0,31.0,11.0,2.0,5.0,1.0,5.0,2.0,1.0,86.0,16.0,8.0
1112,Q2 2023/2024,S08000032,NHS Lanarkshire,South Lanarkshire ADP,All services,Alcohol,Number,44.0,36.0,21.0,6.0,5.0,6.0,3.0,0.0,0.0,101.0,20.0,11.0
1115,Q2 2022/2023,S08000032,NHS Lanarkshire,South Lanarkshire ADP,All services,All,Number,70.0,33.0,27.0,8.0,5.0,1.0,1.0,3.0,1.0,130.0,19.0,8.0
1118,Q3 2022/2023,S08000032,NHS Lanarkshire,South Lanarkshire ADP,All services,All,Number,35.0,65.0,25.0,2.0,2.0,4.0,3.0,2.0,1.0,125.0,14.0,11.0
1121,Q4 2022/2023,S08000032,NHS Lanarkshire,South Lanarkshire ADP,All services,All,Number,77.0,59.0,24.0,4.0,5.0,1.0,4.0,1.0,3.0,160.0,18.0,9.0
1124,Q1 2023/2024,S08000032,NHS Lanarkshire,South Lanarkshire ADP,All services,All,Number,83.0,55.0,18.0,3.0,6.0,2.0,6.0,3.0,3.0,156.0,23.0,8.0
1127,Q2 2023/2024,S08000032,NHS Lanarkshire,South Lanarkshire ADP,All services,All,Number,74.0,61.0,31.0,7.0,6.0,8.0,3.0,0.0,0.0,166.0,24.0,10.0
1130,Q2 2022/2023,S08000032,NHS Lanarkshire,South Lanarkshire ADP,All services,Co-dependency,Number,11.0,6.0,0.0,0.0,1.0,0.0,0.0,1.0,0.0,17.0,2.0,4.0
1133,Q3 2022/2023,S08000032,NHS Lanarkshire,South Lanarkshire ADP,All services,Co-dependency,Number,8.0,9.0,4.0,0.0,0.0,0.0,0.0,0.0,0.0,21.0,0.0,9.0
1136,Q4 2022/2023,S08000032,NHS Lanarkshire,South Lanarkshire ADP,All services,Co-dependency,Number,10.0,10.0,3.0,0.0,1.0,0.0,0.0,0.0,0.0,23.0,1.0,8.5
1139,Q1 2023/2024,S08000032,NHS Lanarkshire,South Lanarkshire ADP,All services,Co-dependency,Number,14.0,12.0,2.0,0.0,0.0,0.0,1.0,0.0,0.0,28.0,1.0,8.0
1142,Q2 2023/2024,S08000032,NHS Lanarkshire,South Lanarkshire ADP,All services,Co-dependency,Number,8.0,10.0,4.0,0.0,1.0,2.0,0.0,0.0,0.0,22.0,3.0,12.0
1145,Q2 2022/2023,S08000032,NHS Lanarkshire,South Lanarkshire ADP,All services,Drug,Number,21.0,6.0,6.0,4.0,0.0,0.0,0.0,1.0,1.0,33.0,6.0,4.0
1148,Q3 2022/2023,S08000032,NHS Lanarkshire,South Lanarkshire ADP,All services,Drug,Number,12.0,15.0,10.0,2.0,0.0,4.0,0.0,1.0,1.0,37.0,8.0,13.0
1151,Q4 2022/2023,S08000032,NHS Lanarkshire,South Lanarkshire ADP,All services,Drug,Number,18.0,9.0,5.0,2.0,0.0,0.0,2.0,0.0,2.0,32.0,6.0,8.0
1154,Q1 2023/2024,S08000032,NHS Lanarkshire,South Lanarkshire ADP,All services,Drug,Number,25.0,12.0,5.0,1.0,1.0,1.0,0.0,1.0,2.0,42.0,6.0,5.0
1157,Q2 2023/2024,S08000032,NHS Lanarkshire,South Lanarkshire ADP,All services,Drug,Number,22.0,15.0,6.0,1.0,0.0,0.0,0.0,0.0,0.0,43.0,1.0,7.0
1160,Q2 2022/2023,S08000024,NHS Lothian,City of Edinburgh ADP,All services,Alcohol,Number,39.0,22.0,15.0,14.0,22.0,22.0,17.0,5.0,2.0,76.0,82.0,22.0
1163,Q3 2022/2023,S08000024,NHS Lothian,City of Edinburgh ADP,All services,Alcohol,Number,25.0,37.0,18.0,10.0,23.0,7.0,17.0,2.0,0.0,80.0,59.0,17.0
1166,Q4 2022/2023,S08000024,NHS Lothian,City of Edinburgh ADP,All services,Alcohol,Number,34.0,38.0,16.0,8.0,18.0,9.0,2.0,1.0,0.0,88.0,38.0,12.0
1169,Q1 2023/2024,S08000024,NHS Lothian,City of Edinburgh ADP,All services,Alcohol,Number,45.0,34.0,13.0,15.0,44.0,15.0,11.0,0.0,0.0,92.0,85.0,19.0
1172,Q2 2023/2024,S08000024,NHS Lothian,City of Edinburgh ADP,All services,Alcohol,Number,36.0,19.0,20.0,16.0,29.0,15.0,7.0,0.0,0.0,75.0,67.0,19.5
1175,Q2 2022/2023,S08000024,NHS Lothian,City of Edinburgh ADP,All services,All,Number,89.0,50.0,41.0,22.0,61.0,42.0,23.0,8.0,2.0,180.0,158.0,17.0
1178,Q3 2022/2023,S08000024,NHS Lothian,City of Edinburgh ADP,All services,All,Number,49.0,72.0,38.0,26.0,48.0,18.0,26.0,4.0,0.0,159.0,122.0,17.0
1181,Q4 2022/2023,S08000024,NHS Lothian,City of Edinburgh ADP,All services,All,Number,94.0,66.0,40.0,19.0,49.0,19.0,6.0,1.0,0.0,200.0,94.0,12.0
1184,Q1 2023/2024,S08000024,NHS Lothian,City of Edinburgh ADP,All services,All,Number,91.0,76.0,31.0,23.0,68.0,26.0,14.0,1.0,0.0,198.0,132.0,12.0
1187,Q2 2023/2024,S08000024,NHS Lothian,City of Edinburgh ADP,All services,All,Number,83.0,48.0,51.0,22.0,49.0,31.0,15.0,0.0,0.0,182.0,117.0,17.0
1190,Q2 2022/2023,S08000024,NHS Lothian,City of Edinburgh ADP,All services,Co-dependency,Number,10.0,6.0,5.0,2.0,7.0,4.0,0.0,1.0,0.0,21.0,14.0,17.0
1193,Q3 2022/2023,S08000024,NHS Lothian,City of Edinburgh ADP,All services,Co-dependency,Number,8.0,8.0,3.0,2.0,4.0,2.0,1.0,0.0,0.0,19.0,9.0,13.0
1196,Q4 2022/2023,S08000024,NHS Lothian,City of Edinburgh ADP,All services,Co-dependency,Number,12.0,6.0,7.0,2.0,2.0,1.0,0.0,0.0,0.0,25.0,5.0,10.5
1199,Q1 2023/2024,S08000024,NHS Lothian,City of Edinburgh ADP,All services,Co-dependency,Number,4.0,9.0,3.0,0.0,7.0,2.0,1.0,0.0,0.0,16.0,10.0,12.5
1202,Q2 2023/2024,S08000024,NHS Lothian,City of Edinburgh ADP,All services,Co-dependency,Number,14.0,8.0,5.0,0.0,2.0,3.0,3.0,0.0,0.0,27.0,8.0,11.0
1205,Q2 2022/2023,S08000024,NHS Lothian,City of Edinburgh ADP,All services,Drug,Number,40.0,22.0,21.0,6.0,32.0,16.0,6.0,2.0,0.0,83.0,62.0,16.0
1208,Q3 2022/2023,S08000024,NHS Lothian,City of Edinburgh ADP,All services,Drug,Number,16.0,27.0,17.0,14.0,21.0,9.0,8.0,2.0,0.0,60.0,54.0,19.0
1211,Q4 2022/2023,S08000024,NHS Lothian,City of Edinburgh ADP,All services,Drug,Number,48.0,22.0,17.0,9.0,29.0,9.0,4.0,0.0,0.0,87.0,51.0,13.0
1214,Q1 2023/2024,S08000024,NHS Lothian,City of Edinburgh ADP,All services,Drug,Number,42.0,33.0,15.0,8.0,17.0,9.0,2.0,1.0,0.0,90.0,37.0,11.0
1217,Q2 2023/2024,S08000024,NHS Lothian,City of Edinburgh ADP,All services,Drug,Number,33.0,21.0,26.0,6.0,18.0,13.0,5.0,0.0,0.0,80.0,42.0,16.0
1220,Q2 2022/2023,S08000024,NHS Lothian,Mid and East Lothian ADP,All services,Alcohol,Number,19.0,10.0,6.0,6.0,14.0,8.0,2.0,3.0,0.0,35.0,33.0,18.5
1222,Q3 2022/2023,S08000024,NHS Lothian,Mid and East Lothian ADP,All services,Alcohol,Number,2.0,5.0,2.0,3.0,12.0,5.0,2.0,0.0,0.0,9.0,22.0,38.0
1224,Q4 2022/2023,S08000024,NHS Lothian,Mid and East Lothian ADP,All services,Alcohol,Number,11.0,2.0,1.0,1.0,0.0,0.0,0.0,0.0,0.0,14.0,1.0,3.0
1226,Q1 2023/2024,S08000024,NHS Lothian,Mid and East Lothian ADP,All services,Alcohol,Number,15.0,3.0,1.0,1.0,0.0,0.0,0.0,0.0,0.0,19.0,1.0,3.0
1228,Q2 2023/2024,S08000024,NHS Lothian,Mid and East Lothian ADP,All services,Alcohol,Number,19.0,3.0,4.0,1.0,2.0,0.0,0.0,0.0,0.0,26.0,3.0,4.0
1230,Q2 2022/2023,S08000024,NHS Lothian,Mid and East Lothian ADP,All services,All,Number,26.0,21.0,10.0,8.0,29.0,12.0,5.0,3.0,0.0,57.0,57.0,21.0
1232,Q3 2022/2023,S08000024,NHS Lothian,Mid and East Lothian ADP,All services,All,Number,7.0,18.0,3.0,4.0,15.0,8.0,3.0,0.0,0.0,28.0,30.0,23.5
1234,Q4 2022/2023,S08000024,NHS Lothian,Mid and East Lothian ADP,All services,All,Number,22.0,4.0,1.0,1.0,0.0,0.0,0.0,0.0,0.0,27.0,1.0,2.5
1236,Q1 2023/2024,S08000024,NHS Lothian,Mid and East Lothian ADP,All services,All,Number,28.0,3.0,1.0,1.0,1.0,0.0,0.0,0.0,0.0,32.0,2.0,2.5
1238,Q2 2023/2024,S08000024,NHS Lothian,Mid and East Lothian ADP,All services,All,Number,30.0,6.0,5.0,2.0,4.0,2.0,0.0,0.0,0.0,41.0,8.0,5.0
1240,Q2 2022/2023,S08000024,NHS Lothian,Mid and East Lothian ADP,All services,Co-dependency,Number,1.0,1.0,0.0,0.0,5.0,0.0,1.0,0.0,0.0,2.0,6.0,37.5
1242,Q3 2022/2023,S08000024,NHS Lothian,Mid and East Lothian ADP,All services,Co-dependency,Number,0.0,4.0,0.0,0.0,3.0,2.0,1.0,0.0,0.0,4.0,6.0,34.0
1244,Q4 2022/2023,S08000024,NHS Lothian,Mid and East Lothian ADP,All services,Co-dependency,Number,2.0,0.0,0.0,0.0,0.0,0.0,0.0,0.0,0.0,2.0,0.0,3.5
1246,Q1 2023/2024,S08000024,NHS Lothian,Mid and East Lothian ADP,All services,Co-dependency,Number,2.0,0.0,0.0,0.0,0.0,0.0,0.0,0.0,0.0,2.0,0.0,1.5
1248,Q2 2023/2024,S08000024,NHS Lothian,Mid and East Lothian ADP,All services,Co-dependency,Number,3.0,0.0,0.0,0.0,0.0,0.0,0.0,0.0,0.0,3.0,0.0,2.0
1250,Q2 2022/2023,S08000024,NHS Lothian,Mid and East Lothian ADP,All services,Drug,Number,6.0,10.0,4.0,2.0,10.0,4.0,2.0,0.0,0.0,20.0,18.0,18.0
1252,Q3 2022/2023,S08000024,NHS Lothian,Mid and East Lothian ADP,All services,Drug,Number,5.0,9.0,1.0,1.0,0.0,1.0,0.0,0.0,0.0,15.0,2.0,9.0
1254,Q4 2022/2023,S08000024,NHS Lothian,Mid and East Lothian ADP,All services,Drug,Number,9.0,2.0,0.0,0.0,0.0,0.0,0.0,0.0,0.0,11.0,0.0,2.0
1256,Q1 2023/2024,S08000024,NHS Lothian,Mid and East Lothian ADP,All services,Drug,Number,11.0,0.0,0.0,0.0,1.0,0.0,0.0,0.0,0.0,11.0,1.0,2.0
1258,Q2 2023/2024,S08000024,NHS Lothian,Mid and East Lothian ADP,All services,Drug,Number,8.0,3.0,1.0,1.0,2.0,2.0,0.0,0.0,0.0,12.0,5.0,9.0
1260,Q2 2022/2023,S08000024,NHS Lothian,West Lothian ADP,All services,Alcohol,Number,19.0,12.0,2.0,0.0,0.0,0.0,0.0,0.0,0.0,33.0,0.0,5.0
1263,Q3 2022/2023,S08000024,NHS Lothian,West Lothian ADP,All services,Alcohol,Number,16.0,18.0,8.0,5.0,6.0,0.0,0.0,0.0,0.0,42.0,11.0,12.0
1266,Q4 2022/2023,S08000024,NHS Lothian,West Lothian ADP,All services,Alcohol,Number,23.0,11.0,5.0,0.0,2.0,0.0,0.0,0.0,0.0,39.0,2.0,5.0
1269,Q1 2023/2024,S08000024,NHS Lothian,West Lothian ADP,All services,Alcohol,Number,36.0,12.0,14.0,6.0,1.0,0.0,0.0,0.0,0.0,62.0,7.0,5.0
1272,Q2 2023/2024,S08000024,NHS Lothian,West Lothian ADP,All services,Alcohol,Number,18.0,14.0,9.0,7.0,5.0,0.0,0.0,0.0,0.0,41.0,12.0,10.0
1275,Q2 2022/2023,S08000024,NHS Lothian,West Lothian ADP,All services,All,Number,37.0,23.0,7.0,0.0,4.0,0.0,0.0,0.0,0.0,67.0,4.0,6.0
1278,Q3 2022/2023,S08000024,NHS Lothian,West Lothian ADP,All services,All,Number,41.0,31.0,13.0,7.0,10.0,0.0,0.0,0.0,0.0,85.0,17.0,10.5
1281,Q4 2022/2023,S08000024,NHS Lothian,West Lothian ADP,All services,All,Number,46.0,29.0,10.0,0.0,3.0,0.0,0.0,0.0,0.0,85.0,3.0,5.0
1284,Q1 2023/2024,S08000024,NHS Lothian,West Lothian ADP,All services,All,Number,64.0,26.0,25.0,14.0,6.0,0.0,0.0,0.0,0.0,115.0,20.0,8.0
1287,Q2 2023/2024,S08000024,NHS Lothian,West Lothian ADP,All services,All,Number,32.0,25.0,15.0,12.0,13.0,0.0,0.0,0.0,0.0,72.0,25.0,11.0
1290,Q2 2022/2023,S08000024,NHS Lothian,West Lothian ADP,All services,Co-dependency,Number,5.0,1.0,1.0,0.0,1.0,0.0,0.0,0.0,0.0,7.0,1.0,4.5
1293,Q3 2022/2023,S08000024,NHS Lothian,West Lothian ADP,All services,Co-dependency,Number,11.0,3.0,2.0,2.0,1.0,0.0,0.0,0.0,0.0,16.0,3.0,4.0
1296,Q4 2022/2023,S08000024,NHS Lothian,West Lothian ADP,All services,Co-dependency,Number,6.0,5.0,2.0,0.0,1.0,0.0,0.0,0.0,0.0,13.0,1.0,9.5
1299,Q1 2023/2024,S08000024,NHS Lothian,West Lothian ADP,All services,Co-dependency,Number,11.0,7.0,5.0,6.0,2.0,0.0,0.0,0.0,0.0,23.0,8.0,10.0
1302,Q2 2023/2024,S08000024,NHS Lothian,West Lothian ADP,All services,Co-dependency,Number,5.0,5.0,3.0,1.0,6.0,0.0,0.0,0.0,0.0,13.0,7.0,15.5
1305,Q2 2022/2023,S08000024,NHS Lothian,West Lothian ADP,All services,Drug,Number,13.0,10.0,4.0,0.0,3.0,0.0,0.0,0.0,0.0,27.0,3.0,8.5
1308,Q3 2022/2023,S08000024,NHS Lothian,West Lothian ADP,All services,Drug,Number,14.0,10.0,3.0,0.0,3.0,0.0,0.0,0.0,0.0,27.0,3.0,9.0
1311,Q4 2022/2023,S08000024,NHS Lothian,West Lothian ADP,All services,Drug,Number,17.0,13.0,3.0,0.0,0.0,0.0,0.0,0.0,0.0,33.0,0.0,7.0
1314,Q1 2023/2024,S08000024,NHS Lothian,West Lothian ADP,All services,Drug,Number,17.0,7.0,6.0,2.0,3.0,0.0,0.0,0.0,0.0,30.0,5.0,8.0
1317,Q2 2023/2024,S08000024,NHS Lothian,West Lothian ADP,All services,Drug,Number,9.0,6.0,3.0,4.0,2.0,0.0,0.0,0.0,0.0,18.0,6.0,10.5
1320,Q2 2022/2023,S08000025,NHS Orkney,Orkney Islands ADP,All services,Alcohol,Number,1.0,1.0,0.0,0.0,0.0,0.0,0.0,0.0,0.0,2.0,0.0,6.5
1322,Q3 2022/2023,S08000025,NHS Orkney,Orkney Islands ADP,All services,Alcohol,Number,1.0,1.0,1.0,0.0,0.0,1.0,0.0,0.0,0.0,3.0,1.0,14.0
1324,Q4 2022/2023,S08000025,NHS Orkney,Orkney Islands ADP,All services,Alcohol,Number,1.0,1.0,0.0,0.0,0.0,0.0,0.0,0.0,0.0,2.0,0.0,5.5
1326,Q1 2023/2024,S08000025,NHS Orkney,Orkney Islands ADP,All services,Alcohol,Number,5.0,4.0,0.0,0.0,0.0,0.0,0.0,0.0,0.0,9.0,0.0,5.0
1328,Q2 2023/2024,S08000025,NHS Orkney,Orkney Islands ADP,All services,Alcohol,Number,2.0,3.0,2.0,0.0,2.0,2.0,0.0,0.0,0.0,7.0,4.0,17.0
1330,Q2 2022/2023,S08000025,NHS Orkney,Orkney Islands ADP,All services,All,Number,1.0,1.0,0.0,0.0,1.0,0.0,0.0,0.0,0.0,2.0,1.0,11.0
1332,Q3 2022/2023,S08000025,NHS Orkney,Orkney Islands ADP,All services,All,Number,2.0,1.0,1.0,0.0,0.0,1.0,0.0,0.0,0.0,4.0,1.0,9.0
1334,Q4 2022/2023,S08000025,NHS Orkney,Orkney Islands ADP,All services,All,Number,1.0,1.0,0.0,0.0,0.0,0.0,0.0,0.0,0.0,2.0,0.0,5.5
1336,Q1 2023/2024,S08000025,NHS Orkney,Orkney Islands ADP,All services,All,Number,5.0,6.0,0.0,0.0,0.0,0.0,0.0,0.0,0.0,11.0,0.0,9.0
1338,Q2 2023/2024,S08000025,NHS Orkney,Orkney Islands ADP,All services,All,Number,3.0,3.0,3.0,0.0,2.0,3.0,0.0,0.0,0.0,9.0,5.0,17.0
1340,Q2 2022/2023,S08000025,NHS Orkney,Orkney Islands ADP,All services,Co-dependency,Number,0.0,0.0,0.0,0.0,0.0,0.0,0.0,0.0,0.0,0.0,0.0,0.0
1342,Q3 2022/2023,S08000025,NHS Orkney,Orkney Islands ADP,All services,Co-dependency,Number,0.0,0.0,0.0,0.0,0.0,0.0,0.0,0.0,0.0,0.0,0.0,0.0
1344,Q4 2022/2023,S08000025,NHS Orkney,Orkney Islands ADP,All services,Co-dependency,Number,0.0,0.0,0.0,0.0,0.0,0.0,0.0,0.0,0.0,0.0,0.0,0.0
1346,Q1 2023/2024,S08000025,NHS Orkney,Orkney Islands ADP,All services,Co-dependency,Number,0.0,2.0,0.0,0.0,0.0,0.0,0.0,0.0,0.0,2.0,0.0,10.0
1348,Q2 2023/2024,S08000025,NHS Orkney,Orkney Islands ADP,All services,Co-dependency,Number,0.0,0.0,0.0,0.0,0.0,1.0,0.0,0.0,0.0,0.0,1.0,66.0
1350,Q2 2022/2023,S08000025,NHS Orkney,Orkney Islands ADP,All services,Drug,Number,0.0,0.0,0.0,0.0,1.0,0.0,0.0,0.0,0.0,0.0,1.0,53.0
1352,Q3 2022/2023,S08000025,NHS Orkney,Orkney Islands ADP,All services,Drug,Number,1.0,0.0,0.0,0.0,0.0,0.0,0.0,0.0,0.0,1.0,0.0,3.0
1354,Q4 2022/2023,S08000025,NHS Orkney,Orkney Islands ADP,All services,Drug,Number,0.0,0.0,0.0,0.0,0.0,0.0,0.0,0.0,0.0,0.0,0.0,0.0
1356,Q1 2023/2024,S08000025,NHS Orkney,Orkney Islands ADP,All services,Drug,Number,0.0,0.0,0.0,0.0,0.0,0.0,0.0,0.0,0.0,0.0,0.0,0.0
1358,Q2 2023/2024,S08000025,NHS Orkney,Orkney Islands ADP,All services,Drug,Number,1.0,0.0,1.0,0.0,0.0,0.0,0.0,0.0,0.0,2.0,0.0,9.5
1360,Q2 2022/2023,S08000030,NHS Tayside,Angus ADP,All services,Alcohol,Number,13.0,9.0,6.0,4.0,0.0,0.0,0.0,0.0,0.0,28.0,4.0,8.0
1362,Q3 2022/2023,S08000030,NHS Tayside,Angus ADP,All services,Alcohol,Number,7.0,10.0,2.0,0.0,0.0,0.0,0.0,0.0,0.0,19.0,0.0,10.0
1364,Q4 2022/2023,S08000030,NHS Tayside,Angus ADP,All services,Alcohol,Number,14.0,7.0,8.0,0.0,1.0,0.0,0.0,0.0,0.0,29.0,1.0,8.0
1366,Q1 2023/2024,S08000030,NHS Tayside,Angus ADP,All services,Alcohol,Number,18.0,9.0,4.0,1.0,0.0,0.0,0.0,0.0,0.0,31.0,1.0,5.0
1368,Q2 2023/2024,S08000030,NHS Tayside,Angus ADP,All services,Alcohol,Number,19.0,12.0,2.0,0.0,2.0,0.0,0.0,0.0,0.0,33.0,2.0,6.0
1370,Q2 2022/2023,S08000030,NHS Tayside,Angus ADP,All services,All,Number,26.0,12.0,11.0,4.0,1.0,0.0,0.0,1.0,0.0,49.0,6.0,8.0
1372,Q3 2022/2023,S08000030,NHS Tayside,Angus ADP,All services,All,Number,10.0,17.0,4.0,3.0,0.0,0.0,0.0,1.0,0.0,31.0,4.0,10.0
1374,Q4 2022/2023,S08000030,NHS Tayside,Angus ADP,All services,All,Number,28.0,20.0,12.0,0.0,2.0,0.0,0.0,0.0,0.0,60.0,2.0,8.0
1376,Q1 2023/2024,S08000030,NHS Tayside,Angus ADP,All services,All,Number,31.0,10.0,6.0,1.0,0.0,0.0,0.0,0.0,0.0,47.0,1.0,4.0
1378,Q2 2023/2024,S08000030,NHS Tayside,Angus ADP,All services,All,Number,31.0,16.0,6.0,0.0,4.0,0.0,0.0,0.0,0.0,53.0,4.0,6.0
1380,Q2 2022/2023,S08000030,NHS Tayside,Angus ADP,All services,Co-dependency,Number,2.0,0.0,2.0,0.0,1.0,0.0,0.0,0.0,0.0,4.0,1.0,15.0
1382,Q3 2022/2023,S08000030,NHS Tayside,Angus ADP,All services,Co-dependency,Number,0.0,2.0,0.0,2.0,0.0,0.0,0.0,0.0,0.0,2.0,2.0,18.0
1384,Q4 2022/2023,S08000030,NHS Tayside,Angus ADP,All services,Co-dependency,Number,3.0,7.0,0.0,0.0,0.0,0.0,0.0,0.0,0.0,10.0,0.0,10.0
1386,Q1 2023/2024,S08000030,NHS Tayside,Angus ADP,All services,Co-dependency,Number,1.0,1.0,1.0,0.0,0.0,0.0,0.0,0.0,0.0,3.0,0.0,12.0
1388,Q2 2023/2024,S08000030,NHS Tayside,Angus ADP,All services,Co-dependency,Number,3.0,3.0,1.0,0.0,0.0,0.0,0.0,0.0,0.0,7.0,0.0,9.0
1390,Q2 2022/2023,S08000030,NHS Tayside,Angus ADP,All services,Drug,Number,11.0,3.0,3.0,0.0,0.0,0.0,0.0,1.0,0.0,17.0,1.0,4.5
1392,Q3 2022/2023,S08000030,NHS Tayside,Angus ADP,All services,Drug,Number,3.0,5.0,2.0,1.0,0.0,0.0,0.0,1.0,0.0,10.0,2.0,9.5
1394,Q4 2022/2023,S08000030,NHS Tayside,Angus ADP,All services,Drug,Number,11.0,6.0,4.0,0.0,1.0,0.0,0.0,0.0,0.0,21.0,1.0,6.5
1396,Q1 2023/2024,S08000030,NHS Tayside,Angus ADP,All services,Drug,Number,12.0,0.0,1.0,0.0,0.0,0.0,0.0,0.0,0.0,13.0,0.0,3.0
1398,Q2 2023/2024,S08000030,NHS Tayside,Angus ADP,All services,Drug,Number,9.0,1.0,3.0,0.0,2.0,0.0,0.0,0.0,0.0,13.0,2.0,6.0
1400,Q2 2022/2023,S08000030,NHS Tayside,Dundee City ADP,All services,Alcohol,Number,13.0,8.0,11.0,7.0,12.0,23.0,20.0,1.0,0.0,32.0,63.0,44.0
1402,Q3 2022/2023,S08000030,NHS Tayside,Dundee City ADP,All services,Alcohol,Number,4.0,5.0,3.0,0.0,0.0,1.0,0.0,1.0,0.0,12.0,2.0,10.0
1404,Q4 2022/2023,S08000030,NHS Tayside,Dundee City ADP,All services,Alcohol,Number,7.0,3.0,2.0,2.0,1.0,0.0,0.0,0.0,0.0,12.0,3.0,9.0
1406,Q1 2023/2024,S08000030,NHS Tayside,Dundee City ADP,All services,Alcohol,Number,10.0,3.0,3.0,0.0,0.0,0.0,0.0,0.0,0.0,16.0,0.0,4.0
1408,Q2 2023/2024,S08000030,NHS Tayside,Dundee City ADP,All services,Alcohol,Number,6.0,4.0,3.0,0.0,2.0,0.0,0.0,0.0,0.0,13.0,2.0,10.0
1410,Q2 2022/2023,S08000030,NHS Tayside,Dundee City ADP,All services,All,Number,22.0,13.0,15.0,11.0,19.0,37.0,34.0,2.0,0.0,50.0,103.0,45.0
1412,Q3 2022/2023,S08000030,NHS Tayside,Dundee City ADP,All services,All,Number,6.0,6.0,3.0,0.0,1.0,1.0,0.0,2.0,0.0,15.0,4.0,10.0
1414,Q4 2022/2023,S08000030,NHS Tayside,Dundee City ADP,All services,All,Number,10.0,3.0,2.0,2.0,1.0,0.0,0.0,0.0,0.0,15.0,3.0,5.0
1416,Q1 2023/2024,S08000030,NHS Tayside,Dundee City ADP,All services,All,Number,17.0,5.0,3.0,0.0,0.0,0.0,0.0,0.0,0.0,25.0,0.0,4.0
1418,Q2 2023/2024,S08000030,NHS Tayside,Dundee City ADP,All services,All,Number,8.0,4.0,3.0,0.0,2.0,0.0,0.0,0.0,0.0,15.0,2.0,9.0
1420,Q2 2022/2023,S08000030,NHS Tayside,Dundee City ADP,All services,Co-dependency,Number,1.0,0.0,0.0,0.0,1.0,2.0,1.0,0.0,0.0,1.0,4.0,59.0
1422,Q3 2022/2023,S08000030,NHS Tayside,Dundee City ADP,All services,Co-dependency,Number,2.0,0.0,0.0,0.0,0.0,0.0,0.0,0.0,0.0,2.0,0.0,2.5
1424,Q4 2022/2023,S08000030,NHS Tayside,Dundee City ADP,All services,Co-dependency,Number,0.0,0.0,0.0,0.0,0.0,0.0,0.0,0.0,0.0,0.0,0.0,0.0
1426,Q1 2023/2024,S08000030,NHS Tayside,Dundee City ADP,All services,Co-dependency,Number,1.0,0.0,0.0,0.0,0.0,0.0,0.0,0.0,0.0,1.0,0.0,5.0
1428,Q2 2023/2024,S08000030,NHS Tayside,Dundee City ADP,All services,Co-dependency,Number,0.0,0.0,0.0,0.0,0.0,0.0,0.0,0.0,0.0,0.0,0.0,0.0
1430,Q2 2022/2023,S08000030,NHS Tayside,Dundee City ADP,All services,Drug,Number,8.0,5.0,4.0,4.0,6.0,12.0,13.0,1.0,0.0,17.0,36.0,47.0
1432,Q3 2022/2023,S08000030,NHS Tayside,Dundee City ADP,All services,Drug,Number,0.0,1.0,0.0,0.0,1.0,0.0,0.0,1.0,0.0,1.0,2.0,31.0
1434,Q4 2022/2023,S08000030,NHS Tayside,Dundee City ADP,All services,Drug,Number,3.0,0.0,0.0,0.0,0.0,0.0,0.0,0.0,0.0,3.0,0.0,5.0
1436,Q1 2023/2024,S08000030,NHS Tayside,Dundee City ADP,All services,Drug,Number,6.0,2.0,0.0,0.0,0.0,0.0,0.0,0.0,0.0,8.0,0.0,3.5
1438,Q2 2023/2024,S08000030,NHS Tayside,Dundee City ADP,All services,Drug,Number,2.0,0.0,0.0,0.0,0.0,0.0,0.0,0.0,0.0,2.0,0.0,1.5
1440,Q2 2022/2023,S08000030,NHS Tayside,Perth & Kinross ADP,All services,Alcohol,Number,8.0,8.0,5.0,8.0,12.0,1.0,0.0,0.0,0.0,21.0,21.0,20.5
1443,Q3 2022/2023,S08000030,NHS Tayside,Perth & Kinross ADP,All services,Alcohol,Number,9.0,6.0,9.0,3.0,3.0,0.0,0.0,0.0,0.0,24.0,6.0,14.0
1446,Q4 2022/2023,S08000030,NHS Tayside,Perth & Kinross ADP,All services,Alcohol,Number,11.0,5.0,7.0,0.0,0.0,0.0,0.0,0.0,0.0,23.0,0.0,9.0
1449,Q1 2023/2024,S08000030,NHS Tayside,Perth & Kinross ADP,All services,Alcohol,Number,18.0,4.0,4.0,0.0,1.0,0.0,0.0,0.0,0.0,26.0,1.0,4.0
1452,Q2 2023/2024,S08000030,NHS Tayside,Perth & Kinross ADP,All services,Alcohol,Number,8.0,2.0,3.0,1.0,1.0,0.0,0.0,0.0,0.0,13.0,2.0,6.0
1455,Q2 2022/2023,S08000030,NHS Tayside,Perth & Kinross ADP,All services,All,Number,13.0,12.0,9.0,9.0,17.0,1.0,0.0,0.0,0.0,34.0,27.0,17.0
1458,Q3 2022/2023,S08000030,NHS Tayside,Perth & Kinross ADP,All services,All,Number,15.0,11.0,12.0,8.0,8.0,2.0,0.0,0.0,0.0,38.0,18.0,18.0
1461,Q4 2022/2023,S08000030,NHS Tayside,Perth & Kinross ADP,All services,All,Number,15.0,9.0,9.0,2.0,4.0,2.0,2.0,0.0,0.0,33.0,10.0,11.0
1464,Q1 2023/2024,S08000030,NHS Tayside,Perth & Kinross ADP,All services,All,Number,21.0,10.0,6.0,3.0,7.0,1.0,0.0,1.0,0.0,37.0,12.0,10.0
1467,Q2 2023/2024,S08000030,NHS Tayside,Perth & Kinross ADP,All services,All,Number,8.0,5.0,4.0,4.0,6.0,1.0,0.0,1.0,0.0,17.0,12.0,18.0
1470,Q2 2022/2023,S08000030,NHS Tayside,Perth & Kinross ADP,All services,Co-dependency,Number,4.0,0.0,1.0,0.0,2.0,0.0,0.0,0.0,0.0,5.0,2.0,5.0
1473,Q3 2022/2023,S08000030,NHS Tayside,Perth & Kinross ADP,All services,Co-dependency,Number,2.0,0.0,3.0,1.0,0.0,0.0,0.0,0.0,0.0,5.0,1.0,16.5
1476,Q4 2022/2023,S08000030,NHS Tayside,Perth & Kinross ADP,All services,Co-dependency,Number,0.0,1.0,1.0,0.0,0.0,0.0,0.0,0.0,0.0,2.0,0.0,11.5
1479,Q1 2023/2024,S08000030,NHS Tayside,Perth & Kinross ADP,All services,Co-dependency,Number,0.0,1.0,0.0,0.0,0.0,0.0,0.0,0.0,0.0,1.0,0.0,9.0
1482,Q2 2023/2024,S08000030,NHS Tayside,Perth & Kinross ADP,All services,Co-dependency,Number,0.0,0.0,0.0,0.0,0.0,0.0,0.0,0.0,0.0,0.0,0.0,0.0
1485,Q2 2022/2023,S08000030,NHS Tayside,Perth & Kinross ADP,All services,Drug,Number,1.0,4.0,3.0,1.0,3.0,0.0,0.0,0.0,0.0,8.0,4.0,16.5
1488,Q3 2022/2023,S08000030,NHS Tayside,Perth & Kinross ADP,All services,Drug,Number,4.0,5.0,0.0,4.0,5.0,2.0,0.0,0.0,0.0,9.0,11.0,26.0
1491,Q4 2022/2023,S08000030,NHS Tayside,Perth & Kinross ADP,All services,Drug,Number,4.0,3.0,1.0,2.0,4.0,2.0,2.0,0.0,0.0,8.0,10.0,24.0
1494,Q1 2023/2024,S08000030,NHS Tayside,Perth & Kinross ADP,All services,Drug,Number,3.0,5.0,2.0,3.0,6.0,1.0,0.0,1.0,0.0,10.0,11.0,24.0
1497,Q2 2023/2024,S08000030,NHS Tayside,Perth & Kinross ADP,All services,Drug,Number,0.0,3.0,1.0,3.0,5.0,1.0,0.0,1.0,0.0,4.0,10.0,28.0
1500,Q2 2022/2023,S08000028,NHS Western Isles,Western Isles ADP,All services,Alcohol,Number,2.0,0.0,0.0,0.0,0.0,0.0,0.0,0.0,0.0,2.0,0.0,3.0
1502,Q3 2022/2023,S08000028,NHS Western Isles,Western Isles ADP,All services,Alcohol,Number,0.0,1.0,0.0,0.0,0.0,0.0,0.0,0.0,0.0,1.0,0.0,12.0
1504,Q4 2022/2023,S08000028,NHS Western Isles,Western Isles ADP,All services,Alcohol,Number,1.0,1.0,2.0,0.0,2.0,0.0,0.0,0.0,0.0,4.0,2.0,15.5
1506,Q1 2023/2024,S08000028,NHS Western Isles,Western Isles ADP,All services,Alcohol,Number,1.0,2.0,0.0,2.0,0.0,0.0,0.0,0.0,0.0,3.0,2.0,9.0
1508,Q2 2023/2024,S08000028,NHS Western Isles,Western Isles ADP,All services,Alcohol,Number,1.0,0.0,0.0,0.0,0.0,0.0,1.0,0.0,0.0,1.0,1.0,50.5
1510,Q2 2022/2023,S08000028,NHS Western Isles,Western Isles ADP,All services,All,Number,3.0,0.0,0.0,0.0,0.0,0.0,0.0,0.0,0.0,3.0,0.0,4.0
1512,Q3 2022/2023,S08000028,NHS Western Isles,Western Isles ADP,All services,All,Number,0.0,1.0,0.0,0.0,0.0,0.0,0.0,0.0,0.0,1.0,0.0,12.0
1514,Q4 2022/2023,S08000028,NHS Western Isles,Western Isles ADP,All services,All,Number,2.0,1.0,3.0,0.0,3.0,0.0,0.0,0.0,0.0,6.0,3.0,16.0
1516,Q1 2023/2024,S08000028,NHS Western Isles,Western Isles ADP,All services,All,Number,1.0,4.0,1.0,2.0,0.0,0.0,0.0,0.0,0.0,6.0,2.0,10.0
1518,Q2 2023/2024,S08000028,NHS Western Isles,Western Isles ADP,All services,All,Number,2.0,0.0,0.0,0.0,0.0,0.0,1.0,0.0,0.0,2.0,1.0,4.0
1520,Q2 2022/2023,S08000028,NHS Western Isles,Western Isles ADP,All services,Co-dependency,Number,1.0,0.0,0.0,0.0,0.0,0.0,0.0,0.0,0.0,1.0,0.0,4.0
1522,Q3 2022/2023,S08000028,NHS Western Isles,Western Isles ADP,All services,Co-dependency,Number,0.0,0.0,0.0,0.0,0.0,0.0,0.0,0.0,0.0,0.0,0.0,0.0
1524,Q4 2022/2023,S08000028,NHS Western Isles,Western Isles ADP,All services,Co-dependency,Number,0.0,0.0,0.0,0.0,0.0,0.0,0.0,0.0,0.0,0.0,0.0,0.0
1526,Q1 2023/2024,S08000028,NHS Western Isles,Western Isles ADP,All services,Co-dependency,Number,0.0,0.0,0.0,0.0,0.0,0.0,0.0,0.0,0.0,0.0,0.0,0.0
1528,Q2 2023/2024,S08000028,NHS Western Isles,Western Isles ADP,All services,Co-dependency,Number,0.0,0.0,0.0,0.0,0.0,0.0,0.0,0.0,0.0,0.0,0.0,0.0
1530,Q2 2022/2023,S08000028,NHS Western Isles,Western Isles ADP,All services,Drug,Number,0.0,0.0,0.0,0.0,0.0,0.0,0.0,0.0,0.0,0.0,0.0,0.0
1532,Q3 2022/2023,S08000028,NHS Western Isles,Western Isles ADP,All services,Drug,Number,0.0,0.0,0.0,0.0,0.0,0.0,0.0,0.0,0.0,0.0,0.0,0.0
1534,Q4 2022/2023,S08000028,NHS Western Isles,Western Isles ADP,All services,Drug,Number,1.0,0.0,1.0,0.0,1.0,0.0,0.0,0.0,0.0,2.0,1.0,17.0
1536,Q1 2023/2024,S08000028,NHS Western Isles,Western Isles ADP,All services,Drug,Number,0.0,2.0,1.0,0.0,0.0,0.0,0.0,0.0,0.0,3.0,0.0,10.0
1538,Q2 2023/2024,S08000028,NHS Western Isles,Western Isles ADP,All services,Drug,Number,1.0,0.0,0.0,0.0,0.0,0.0,0.0,0.0,0.0,1.0,0.0,4.0
2280,Q2 2022/2023,,NHS NHSScotland,All NHS NHSScotland ADPs,All services,Alcohol,Number,534.0,297.0,186.0,80.0,131.0,78.0,76.0,24.0,6.0,1017.0,395.0,10.0
2284,Q3 2022/2023,,NHS NHSScotland,All NHS NHSScotland ADPs,All services,Alcohol,Number,318.0,391.0,167.0,58.0,101.0,35.0,39.0,22.0,4.0,876.0,259.0,12.0
2288,Q4 2022/2023,,NHS NHSScotland,All NHS NHSScotland ADPs,All services,Alcohol,Number,615.0,339.0,142.0,46.0,72.0,23.0,13.0,8.0,4.0,1096.0,166.0,8.0
2292,Q1 2023/2024,,NHS NHSScotland,All NHS NHSScotland ADPs,All services,Alcohol,Number,660.0,341.0,165.0,65.0,101.0,28.0,35.0,3.0,4.0,1166.0,236.0,8.0
2296,Q2 2023/2024,,NHS NHSScotland,All NHS NHSScotland ADPs,All services,Alcohol,Number,584.0,328.0,174.0,85.0,156.0,56.0,32.0,7.0,0.0,1086.0,336.0,10.0
2300,Q2 2022/2023,,NHS NHSScotland,All NHS NHSScotland ADPs,All services,All,Number,1039.0,492.0,301.0,118.0,232.0,128.0,119.0,41.0,17.0,1832.0,655.0,9.0
2304,Q3 2022/2023,,NHS NHSScotland,All NHS NHSScotland ADPs,All services,All,Number,617.0,681.0,290.0,107.0,171.0,60.0,52.0,39.0,13.0,1588.0,442.0,11.0
2308,Q4 2022/2023,,NHS NHSScotland,All NHS NHSScotland ADPs,All services,All,Number,1152.0,598.0,257.0,97.0,136.0,40.0,22.0,10.0,12.0,2007.0,317.0,8.0
2312,Q1 2023/2024,,NHS NHSScotland,All NHS NHSScotland ADPs,All services,All,Number,1195.0,638.0,289.0,104.0,177.0,47.0,47.0,7.0,10.0,2122.0,392.0,8.0
2316,Q2 2023/2024,,NHS NHSScotland,All NHS NHSScotland ADPs,All services,All,Number,1091.0,583.0,338.0,124.0,261.0,90.0,61.0,9.0,1.0,2012.0,546.0,10.0
2320,Q2 2022/2023,,NHS NHSScotland,All NHS NHSScotland ADPs,All services,Co-dependency,Number,139.0,49.0,31.0,8.0,25.0,11.0,8.0,3.0,0.0,219.0,55.0,7.0
2324,Q3 2022/2023,,NHS NHSScotland,All NHS NHSScotland ADPs,All services,Co-dependency,Number,94.0,93.0,34.0,14.0,15.0,5.0,4.0,2.0,0.0,221.0,40.0,10.0
2328,Q4 2022/2023,,NHS NHSScotland,All NHS NHSScotland ADPs,All services,Co-dependency,Number,157.0,71.0,39.0,14.0,13.0,1.0,0.0,0.0,0.0,267.0,28.0,5.0
2332,Q1 2023/2024,,NHS NHSScotland,All NHS NHSScotland ADPs,All services,Co-dependency,Number,153.0,89.0,31.0,11.0,26.0,5.0,3.0,0.0,0.0,273.0,45.0,8.0
2336,Q2 2023/2024,,NHS NHSScotland,All NHS NHSScotland ADPs,All services,Co-dependency,Number,163.0,97.0,49.0,5.0,25.0,9.0,11.0,0.0,0.0,309.0,50.0,10.0
2340,Q2 2022/2023,,NHS NHSScotland,All NHS NHSScotland ADPs,All services,Drug,Number,366.0,146.0,84.0,30.0,76.0,39.0,35.0,14.0,11.0,596.0,205.0,8.0
2344,Q3 2022/2023,,NHS NHSScotland,All NHS NHSScotland ADPs,All services,Drug,Number,205.0,197.0,89.0,35.0,55.0,20.0,9.0,15.0,9.0,491.0,143.0,11.0
2348,Q4 2022/2023,,NHS NHSScotland,All NHS NHSScotland ADPs,All services,Drug,Number,380.0,188.0,76.0,37.0,51.0,16.0,9.0,2.0,8.0,644.0,123.0,8.0
2352,Q1 2023/2024,,NHS NHSScotland,All NHS NHSScotland ADPs,All services,Drug,Number,382.0,208.0,93.0,28.0,50.0,14.0,9.0,4.0,6.0,683.0,111.0,8.0
2356,Q2 2023/2024,,NHS NHSScotland,All NHS NHSScotland ADPs,All services,Drug,Number,344.0,158.0,115.0,34.0,80.0,25.0,18.0,2.0,1.0,617.0,160.0,10.0
