,Quarter,HBT,HBTQF,SubstanceType,SubstanceTypeQF,TotalNumberOfReferrals,PercentWaitUpTo1Week,PercentWaitOver1WeekAndUpTo2Weeks,PercentWaitOver2WeeksAndUpTo3Weeks,PercentWaitOver3WeeksAndUpTo4Weeks,PercentWaitOver4WeeksAndUpTo5Weeks,PercentWaitOver5WeeksAndUpTo6Weeks,PercentWaitOver6WeeksAndUpTo8Weeks,PercentWaitOver8WeeksAndUpTo12Weeks,PercentWaitOver12WeeksAndUpTo16Weeks,PercentWaitOver16WeeksAndUpTo20Weeks,PercentWaitOver20Weeks,ADP,ADPQF
0,2020/21Q3,S08000015,,Alcohol,,32,34.4,50.0,15.6,0.0,0.0,0.0,0.0,0.0,0.0,0.0,0.0,Ayrshire & Arran  - All ADPs,d
1,2020/21Q4,S08000015,,Alcohol,,65,61.5,33.8,4.6,0.0,0.0,0.0,0.0,0.0,0.0,0.0,0.0,Ayrshire & Arran  - All ADPs,d
2,2021/22Q1,S08000015,,Alcohol,,69,69.6,23.2,7.2,0.0,0.0,0.0,0.0,0.0,0.0,0.0,0.0,Ayrshire & Arran  - All ADPs,d
3,2021/22Q2,S08000015,,Alcohol,,43,65.1,18.6,11.6,2.3,0.0,0.0,2.3,0.0,0.0,0.0,0.0,Ayrshire & Arran  - All ADPs,d
4,2021/22Q3,S08000015,,Alcohol,,55,41.8,27.3,16.4,10.9,1.8,0.0,1.8,0.0,0.0,0.0,0.0,Ayrshire & Arran  - All ADPs,d
5,2020/21Q3,S08000015,,All,d,49,32.7,42.9,20.4,4.1,0.0,0.0,0.0,0.0,0.0,0.0,0.0,Ayrshire & Arran  - All ADPs,d
6,2020/21Q4,S08000015,,All,d,109,60.6,31.2,6.4,0.0,1.8,0.0,0.0,0.0,0.0,0.0,0.0,Ayrshire & Arran  - All ADPs,d
7,2021/22Q1,S08000015,,All,d,104,66.3,24.0,8.7,0.0,1.0,0.0,0.0,0.0,0.0,0.0,0.0,Ayrshire & Arran  - All ADPs,d
8,2021/22Q2,S08000015,,All,d,73,63.0,17.8,15.1,1.4,0.0,0.0,1.4,0.0,0.0,1.4,0.0,Ayrshire & Arran  - All ADPs,d
9,2021/22Q3,S08000015,,All,d,83,43.4,31.3,15.7,7.2,1.2,0.0,1.2,0.0,0.0,0.0,0.0,Ayrshire & Arran  - All ADPs,d
10,2020/21Q3,S08000015,,Co-dependency,,6,33.3,16.7,33.3,16.7,0.0,0.0,0.0,0.0,0.0,0.0,0.0,North Ayrshire ADP,
11,2020/21Q3,S08000015,,Co-dependency,,6,33.3,16.7,33.3,16.7,0.0,0.0,0.0,0.0,0.0,0.0,0.0,Ayrshire & Arran  - All ADPs,d
12,2020/21Q4,S08000015,,Co-dependency,,9,44.4,33.3,11.1,0.0,11.1,0.0,0.0,0.0,0.0,0.0,0.0,Ayrshire & Arran  - All ADPs,d
13,2021/22Q1,S08000015,,Co-dependency,,1,0.0,100.0,0.0,0.0,0.0,0.0,0.0,0.0,0.0,0.0,0.0,North Ayrshire ADP,
14,2021/22Q1,S08000015,,Co-dependency,,1,0.0,100.0,0.0,0.0,0.0,0.0,0.0,0.0,0.0,0.0,0.0,Ayrshire & Arran  - All ADPs,d
15,2021/22Q2,S08000015,,Co-dependency,,8,50.0,25.0,25.0,0.0,0.0,0.0,0.0,0.0,0.0,0.0,0.0,Ayrshire & Arran  - All ADPs,d
16,2021/22Q3,S08000015,,Co-dependency,,7,42.9,42.9,14.3,0.0,0.0,0.0,0.0,0.0,0.0,0.0,0.0,Ayrshire & Arran  - All ADPs,d
17,2020/21Q3,S08000015,,Drug,,11,27.3,36.4,27.3,9.1,0.0,0.0,0.0,0.0,0.0,0.0,0.0,Ayrshire & Arran  - All ADPs,d
18,2020/21Q4,S08000015,,Drug,,35,62.9,25.7,8.6,0.0,2.9,0.0,0.0,0.0,0.0,0.0,0.0,Ayrshire & Arran  - All ADPs,d
19,2021/22Q1,S08000015,,Drug,,34,61.8,23.5,11.8,0.0,2.9,0.0,0.0,0.0,0.0,0.0,0.0,Ayrshire & Arran  - All ADPs,d
20,2021/22Q2,S08000015,,Drug,,22,63.6,13.6,18.2,0.0,0.0,0.0,0.0,0.0,0.0,4.5,0.0,Ayrshire & Arran  - All ADPs,d
21,2021/22Q3,S08000015,,Drug,,21,47.6,38.1,14.3,0.0,0.0,0.0,0.0,0.0,0.0,0.0,0.0,Ayrshire & Arran  - All ADPs,d
22,2020/21Q3,S08000016,,Alcohol,,1,100.0,0.0,0.0,0.0,0.0,0.0,0.0,0.0,0.0,0.0,0.0,Scottish Borders ADP,
23,2020/21Q3,S08000016,,Alcohol,,1,100.0,0.0,0.0,0.0,0.0,0.0,0.0,0.0,0.0,0.0,0.0,Borders  - All ADPs,d
24,2020/21Q4,S08000016,,Alcohol,,10,70.0,10.0,10.0,10.0,0.0,0.0,0.0,0.0,0.0,0.0,0.0,Scottish Borders ADP,
25,2020/21Q4,S08000016,,Alcohol,,10,70.0,10.0,10.0,10.0,0.0,0.0,0.0,0.0,0.0,0.0,0.0,Borders  - All ADPs,d
26,2021/22Q1,S08000016,,Alcohol,,6,66.7,0.0,0.0,0.0,0.0,0.0,0.0,0.0,33.3,0.0,0.0,Scottish Borders ADP,
27,2021/22Q1,S08000016,,Alcohol,,6,66.7,0.0,0.0,0.0,0.0,0.0,0.0,0.0,33.3,0.0,0.0,Borders  - All ADPs,d
28,2021/22Q2,S08000016,,Alcohol,,9,77.8,0.0,11.1,0.0,0.0,0.0,0.0,0.0,0.0,0.0,11.1,Scottish Borders ADP,
29,2021/22Q2,S08000016,,Alcohol,,9,77.8,0.0,11.1,0.0,0.0,0.0,0.0,0.0,0.0,0.0,11.1,Borders  - All ADPs,d
30,2021/22Q3,S08000016,,Alcohol,,11,27.3,54.5,18.2,0.0,0.0,0.0,0.0,0.0,0.0,0.0,0.0,Scottish Borders ADP,
31,2021/22Q3,S08000016,,Alcohol,,11,27.3,54.5,18.2,0.0,0.0,0.0,0.0,0.0,0.0,0.0,0.0,Borders  - All ADPs,d
32,2020/21Q3,S08000016,,All,d,4,75.0,0.0,25.0,0.0,0.0,0.0,0.0,0.0,0.0,0.0,0.0,Scottish Borders ADP,
33,2020/21Q3,S08000016,,All,d,4,75.0,0.0,25.0,0.0,0.0,0.0,0.0,0.0,0.0,0.0,0.0,Borders  - All ADPs,d
34,2020/21Q4,S08000016,,All,d,16,68.8,12.5,12.5,6.2,0.0,0.0,0.0,0.0,0.0,0.0,0.0,Scottish Borders ADP,
35,2020/21Q4,S08000016,,All,d,16,68.8,12.5,12.5,6.2,0.0,0.0,0.0,0.0,0.0,0.0,0.0,Borders  - All ADPs,d
36,2021/22Q1,S08000016,,All,d,12,58.3,25.0,0.0,0.0,0.0,0.0,0.0,0.0,16.7,0.0,0.0,Scottish Borders ADP,
37,2021/22Q1,S08000016,,All,d,12,58.3,25.0,0.0,0.0,0.0,0.0,0.0,0.0,16.7,0.0,0.0,Borders  - All ADPs,d
38,2021/22Q2,S08000016,,All,d,16,68.8,18.8,6.2,0.0,0.0,0.0,0.0,0.0,0.0,0.0,6.2,Scottish Borders ADP,
39,2021/22Q2,S08000016,,All,d,16,68.8,18.8,6.2,0.0,0.0,0.0,0.0,0.0,0.0,0.0,6.2,Borders  - All ADPs,d
40,2021/22Q3,S08000016,,All,d,13,30.8,46.2,15.4,7.7,0.0,0.0,0.0,0.0,0.0,0.0,0.0,Scottish Borders ADP,
41,2021/22Q3,S08000016,,All,d,13,30.8,46.2,15.4,7.7,0.0,0.0,0.0,0.0,0.0,0.0,0.0,Borders  - All ADPs,d
42,2021/22Q3,S08000016,,Co-dependency,,1,100.0,0.0,0.0,0.0,0.0,0.0,0.0,0.0,0.0,0.0,0.0,Scottish Borders ADP,
43,2021/22Q3,S08000016,,Co-dependency,,1,100.0,0.0,0.0,0.0,0.0,0.0,0.0,0.0,0.0,0.0,0.0,Borders  - All ADPs,d
44,2020/21Q3,S08000016,,Drug,,3,66.7,0.0,33.3,0.0,0.0,0.0,0.0,0.0,0.0,0.0,0.0,Scottish Borders ADP,
45,2020/21Q3,S08000016,,Drug,,3,66.7,0.0,33.3,0.0,0.0,0.0,0.0,0.0,0.0,0.0,0.0,Borders  - All ADPs,d
46,2020/21Q4,S08000016,,Drug,,6,66.7,16.7,16.7,0.0,0.0,0.0,0.0,0.0,0.0,0.0,0.0,Scottish Borders ADP,
47,2020/21Q4,S08000016,,Drug,,6,66.7,16.7,16.7,0.0,0.0,0.0,0.0,0.0,0.0,0.0,0.0,Borders  - All ADPs,d
48,2021/22Q1,S08000016,,Drug,,6,50.0,50.0,0.0,0.0,0.0,0.0,0.0,0.0,0.0,0.0,0.0,Scottish Borders ADP,
49,2021/22Q1,S08000016,,Drug,,6,50.0,50.0,0.0,0.0,0.0,0.0,0.0,0.0,0.0,0.0,0.0,Borders  - All ADPs,d
50,2021/22Q2,S08000016,,Drug,,7,57.1,42.9,0.0,0.0,0.0,0.0,0.0,0.0,0.0,0.0,0.0,Scottish Borders ADP,
51,2021/22Q2,S08000016,,Drug,,7,57.1,42.9,0.0,0.0,0.0,0.0,0.0,0.0,0.0,0.0,0.0,Borders  - All ADPs,d
52,2021/22Q3,S08000016,,Drug,,1,0.0,0.0,0.0,100.0,0.0,0.0,0.0,0.0,0.0,0.0,0.0,Scottish Borders ADP,
53,2021/22Q3,S08000016,,Drug,,1,0.0,0.0,0.0,100.0,0.0,0.0,0.0,0.0,0.0,0.0,0.0,Borders  - All ADPs,d
54,2020/21Q3,S08000017,,Alcohol,,25,40.0,36.0,12.0,4.0,8.0,0.0,0.0,0.0,0.0,0.0,0.0,Dumfries & Galloway ADP,
55,2020/21Q3,S08000017,,Alcohol,,25,40.0,36.0,12.0,4.0,8.0,0.0,0.0,0.0,0.0,0.0,0.0,Dumfries & Galloway  - All ADPs,d
56,2020/21Q4,S08000017,,Alcohol,,39,41.0,35.9,10.3,2.6,2.6,0.0,0.0,2.6,0.0,5.1,0.0,Dumfries & Galloway ADP,
57,2020/21Q4,S08000017,,Alcohol,,39,41.0,35.9,10.3,2.6,2.6,0.0,0.0,2.6,0.0,5.1,0.0,Dumfries & Galloway  - All ADPs,d
58,2021/22Q1,S08000017,,Alcohol,,46,43.5,19.6,13.0,13.0,8.7,0.0,0.0,0.0,0.0,0.0,2.2,Dumfries & Galloway ADP,
59,2021/22Q1,S08000017,,Alcohol,,46,43.5,19.6,13.0,13.0,8.7,0.0,0.0,0.0,0.0,0.0,2.2,Dumfries & Galloway  - All ADPs,d
60,2021/22Q2,S08000017,,Alcohol,,41,70.7,22.0,4.9,2.4,0.0,0.0,0.0,0.0,0.0,0.0,0.0,Dumfries & Galloway ADP,
61,2021/22Q2,S08000017,,Alcohol,,41,70.7,22.0,4.9,2.4,0.0,0.0,0.0,0.0,0.0,0.0,0.0,Dumfries & Galloway  - All ADPs,d
62,2021/22Q3,S08000017,,Alcohol,,18,61.1,33.3,0.0,0.0,0.0,0.0,5.6,0.0,0.0,0.0,0.0,Dumfries & Galloway ADP,
63,2021/22Q3,S08000017,,Alcohol,,18,61.1,33.3,0.0,0.0,0.0,0.0,5.6,0.0,0.0,0.0,0.0,Dumfries & Galloway  - All ADPs,d
64,2020/21Q3,S08000017,,All,d,28,42.9,32.1,14.3,3.6,7.1,0.0,0.0,0.0,0.0,0.0,0.0,Dumfries & Galloway ADP,
65,2020/21Q3,S08000017,,All,d,28,42.9,32.1,14.3,3.6,7.1,0.0,0.0,0.0,0.0,0.0,0.0,Dumfries & Galloway  - All ADPs,d
66,2020/21Q4,S08000017,,All,d,67,49.3,29.9,10.4,1.5,1.5,1.5,0.0,1.5,1.5,3.0,0.0,Dumfries & Galloway ADP,
67,2020/21Q4,S08000017,,All,d,67,49.3,29.9,10.4,1.5,1.5,1.5,0.0,1.5,1.5,3.0,0.0,Dumfries & Galloway  - All ADPs,d
68,2021/22Q1,S08000017,,All,d,92,48.9,19.6,10.9,9.8,7.6,1.1,0.0,0.0,0.0,0.0,2.2,Dumfries & Galloway ADP,
69,2021/22Q1,S08000017,,All,d,92,48.9,19.6,10.9,9.8,7.6,1.1,0.0,0.0,0.0,0.0,2.2,Dumfries & Galloway  - All ADPs,d
70,2021/22Q2,S08000017,,All,d,67,70.1,19.4,6.0,3.0,0.0,0.0,0.0,0.0,0.0,0.0,1.5,Dumfries & Galloway ADP,
71,2021/22Q2,S08000017,,All,d,67,70.1,19.4,6.0,3.0,0.0,0.0,0.0,0.0,0.0,0.0,1.5,Dumfries & Galloway  - All ADPs,d
72,2021/22Q3,S08000017,,All,d,31,54.8,35.5,0.0,3.2,3.2,0.0,3.2,0.0,0.0,0.0,0.0,Dumfries & Galloway ADP,
73,2021/22Q3,S08000017,,All,d,31,54.8,35.5,0.0,3.2,3.2,0.0,3.2,0.0,0.0,0.0,0.0,Dumfries & Galloway  - All ADPs,d
74,2020/21Q4,S08000017,,Co-dependency,,6,83.3,16.7,0.0,0.0,0.0,0.0,0.0,0.0,0.0,0.0,0.0,Dumfries & Galloway ADP,
75,2020/21Q4,S08000017,,Co-dependency,,6,83.3,16.7,0.0,0.0,0.0,0.0,0.0,0.0,0.0,0.0,0.0,Dumfries & Galloway  - All ADPs,d
76,2021/22Q1,S08000017,,Co-dependency,,2,50.0,0.0,50.0,0.0,0.0,0.0,0.0,0.0,0.0,0.0,0.0,Dumfries & Galloway ADP,
77,2021/22Q1,S08000017,,Co-dependency,,2,50.0,0.0,50.0,0.0,0.0,0.0,0.0,0.0,0.0,0.0,0.0,Dumfries & Galloway  - All ADPs,d
78,2021/22Q2,S08000017,,Co-dependency,,3,0.0,100.0,0.0,0.0,0.0,0.0,0.0,0.0,0.0,0.0,0.0,Dumfries & Galloway ADP,
79,2021/22Q2,S08000017,,Co-dependency,,3,0.0,100.0,0.0,0.0,0.0,0.0,0.0,0.0,0.0,0.0,0.0,Dumfries & Galloway  - All ADPs,d
80,2021/22Q3,S08000017,,Co-dependency,,2,50.0,50.0,0.0,0.0,0.0,0.0,0.0,0.0,0.0,0.0,0.0,Dumfries & Galloway ADP,
81,2021/22Q3,S08000017,,Co-dependency,,2,50.0,50.0,0.0,0.0,0.0,0.0,0.0,0.0,0.0,0.0,0.0,Dumfries & Galloway  - All ADPs,d
82,2020/21Q3,S08000017,,Drug,,3,66.7,0.0,33.3,0.0,0.0,0.0,0.0,0.0,0.0,0.0,0.0,Dumfries & Galloway ADP,
83,2020/21Q3,S08000017,,Drug,,3,66.7,0.0,33.3,0.0,0.0,0.0,0.0,0.0,0.0,0.0,0.0,Dumfries & Galloway  - All ADPs,d
84,2020/21Q4,S08000017,,Drug,,22,54.5,22.7,13.6,0.0,0.0,4.5,0.0,0.0,4.5,0.0,0.0,Dumfries & Galloway ADP,
85,2020/21Q4,S08000017,,Drug,,22,54.5,22.7,13.6,0.0,0.0,4.5,0.0,0.0,4.5,0.0,0.0,Dumfries & Galloway  - All ADPs,d
86,2021/22Q1,S08000017,,Drug,,44,54.5,20.5,6.8,6.8,6.8,2.3,0.0,0.0,0.0,0.0,2.3,Dumfries & Galloway ADP,
87,2021/22Q1,S08000017,,Drug,,44,54.5,20.5,6.8,6.8,6.8,2.3,0.0,0.0,0.0,0.0,2.3,Dumfries & Galloway  - All ADPs,d
88,2021/22Q2,S08000017,,Drug,,23,78.3,4.3,8.7,4.3,0.0,0.0,0.0,0.0,0.0,0.0,4.3,Dumfries & Galloway ADP,
89,2021/22Q2,S08000017,,Drug,,23,78.3,4.3,8.7,4.3,0.0,0.0,0.0,0.0,0.0,0.0,4.3,Dumfries & Galloway  - All ADPs,d
90,2021/22Q3,S08000017,,Drug,,11,45.5,36.4,0.0,9.1,9.1,0.0,0.0,0.0,0.0,0.0,0.0,Dumfries & Galloway ADP,
91,2021/22Q3,S08000017,,Drug,,11,45.5,36.4,0.0,9.1,9.1,0.0,0.0,0.0,0.0,0.0,0.0,Dumfries & Galloway  - All ADPs,d
92,2020/21Q3,S08000029,,Alcohol,,47,14.9,34.0,29.8,10.6,4.3,4.3,0.0,0.0,0.0,0.0,2.1,Fife ADP,
93,2020/21Q3,S08000029,,Alcohol,,47,14.9,34.0,29.8,10.6,4.3,4.3,0.0,0.0,0.0,0.0,2.1,Fife  - All ADPs,d
94,2020/21Q4,S08000029,,Alcohol,,73,45.2,31.5,15.1,2.7,0.0,1.4,0.0,4.1,0.0,0.0,0.0,Fife ADP,
95,2020/21Q4,S08000029,,Alcohol,,73,45.2,31.5,15.1,2.7,0.0,1.4,0.0,4.1,0.0,0.0,0.0,Fife  - All ADPs,d
96,2021/22Q1,S08000029,,Alcohol,,67,38.8,34.3,13.4,4.5,1.5,3.0,0.0,0.0,4.5,0.0,0.0,Fife ADP,
97,2021/22Q1,S08000029,,Alcohol,,67,38.8,34.3,13.4,4.5,1.5,3.0,0.0,0.0,4.5,0.0,0.0,Fife  - All ADPs,d
98,2021/22Q2,S08000029,,Alcohol,,70,38.6,24.3,22.9,5.7,0.0,0.0,0.0,0.0,1.4,4.3,2.9,Fife ADP,
99,2021/22Q2,S08000029,,Alcohol,,70,38.6,24.3,22.9,5.7,0.0,0.0,0.0,0.0,1.4,4.3,2.9,Fife  - All ADPs,d
100,2021/22Q3,S08000029,,Alcohol,,63,19.0,27.0,15.9,9.5,12.7,3.2,1.6,1.6,0.0,0.0,9.5,Fife ADP,
101,2021/22Q3,S08000029,,Alcohol,,63,19.0,27.0,15.9,9.5,12.7,3.2,1.6,1.6,0.0,0.0,9.5,Fife  - All ADPs,d
102,2020/21Q3,S08000029,,All,d,93,14.0,35.5,33.3,6.5,3.2,2.2,4.3,0.0,0.0,0.0,1.1,Fife ADP,
103,2020/21Q3,S08000029,,All,d,93,14.0,35.5,33.3,6.5,3.2,2.2,4.3,0.0,0.0,0.0,1.1,Fife  - All ADPs,d
104,2020/21Q4,S08000029,,All,d,126,50.8,29.4,11.9,3.2,0.0,0.8,0.8,2.4,0.8,0.0,0.0,Fife ADP,
105,2020/21Q4,S08000029,,All,d,126,50.8,29.4,11.9,3.2,0.0,0.8,0.8,2.4,0.8,0.0,0.0,Fife  - All ADPs,d
106,2021/22Q1,S08000029,,All,d,132,50.0,24.2,15.2,5.3,1.5,1.5,0.0,0.0,2.3,0.0,0.0,Fife ADP,
107,2021/22Q1,S08000029,,All,d,132,50.0,24.2,15.2,5.3,1.5,1.5,0.0,0.0,2.3,0.0,0.0,Fife  - All ADPs,d
108,2021/22Q2,S08000029,,All,d,141,44.7,29.1,17.0,3.5,0.7,0.0,0.0,0.0,0.7,2.8,1.4,Fife ADP,
109,2021/22Q2,S08000029,,All,d,141,44.7,29.1,17.0,3.5,0.7,0.0,0.0,0.0,0.7,2.8,1.4,Fife  - All ADPs,d
110,2021/22Q3,S08000029,,All,d,130,26.9,27.7,15.4,10.0,8.5,2.3,3.1,1.5,0.0,0.0,4.6,Fife ADP,
111,2021/22Q3,S08000029,,All,d,130,26.9,27.7,15.4,10.0,8.5,2.3,3.1,1.5,0.0,0.0,4.6,Fife  - All ADPs,d
112,2021/22Q1,S08000029,,Co-dependency,,10,50.0,10.0,30.0,0.0,10.0,0.0,0.0,0.0,0.0,0.0,0.0,Fife ADP,
113,2021/22Q1,S08000029,,Co-dependency,,10,50.0,10.0,30.0,0.0,10.0,0.0,0.0,0.0,0.0,0.0,0.0,Fife  - All ADPs,d
114,2021/22Q2,S08000029,,Co-dependency,,15,66.7,6.7,26.7,0.0,0.0,0.0,0.0,0.0,0.0,0.0,0.0,Fife ADP,
115,2021/22Q2,S08000029,,Co-dependency,,15,66.7,6.7,26.7,0.0,0.0,0.0,0.0,0.0,0.0,0.0,0.0,Fife  - All ADPs,d
116,2021/22Q3,S08000029,,Co-dependency,,15,33.3,46.7,13.3,6.7,0.0,0.0,0.0,0.0,0.0,0.0,0.0,Fife ADP,
117,2021/22Q3,S08000029,,Co-dependency,,15,33.3,46.7,13.3,6.7,0.0,0.0,0.0,0.0,0.0,0.0,0.0,Fife  - All ADPs,d
118,2020/21Q3,S08000029,,Drug,,46,13.0,37.0,37.0,2.2,2.2,0.0,8.7,0.0,0.0,0.0,0.0,Fife ADP,
119,2020/21Q3,S08000029,,Drug,,46,13.0,37.0,37.0,2.2,2.2,0.0,8.7,0.0,0.0,0.0,0.0,Fife  - All ADPs,d
120,2020/21Q4,S08000029,,Drug,,53,58.5,26.4,7.5,3.8,0.0,0.0,1.9,0.0,1.9,0.0,0.0,Fife ADP,
121,2020/21Q4,S08000029,,Drug,,53,58.5,26.4,7.5,3.8,0.0,0.0,1.9,0.0,1.9,0.0,0.0,Fife  - All ADPs,d
122,2021/22Q1,S08000029,,Drug,,55,63.6,14.5,14.5,7.3,0.0,0.0,0.0,0.0,0.0,0.0,0.0,Fife ADP,
123,2021/22Q1,S08000029,,Drug,,55,63.6,14.5,14.5,7.3,0.0,0.0,0.0,0.0,0.0,0.0,0.0,Fife  - All ADPs,d
124,2021/22Q2,S08000029,,Drug,,56,46.4,41.1,7.1,1.8,1.8,0.0,0.0,0.0,0.0,1.8,0.0,Fife ADP,
125,2021/22Q2,S08000029,,Drug,,56,46.4,41.1,7.1,1.8,1.8,0.0,0.0,0.0,0.0,1.8,0.0,Fife  - All ADPs,d
126,2021/22Q3,S08000029,,Drug,,52,34.6,23.1,15.4,11.5,5.8,1.9,5.8,1.9,0.0,0.0,0.0,Fife ADP,
127,2021/22Q3,S08000029,,Drug,,52,34.6,23.1,15.4,11.5,5.8,1.9,5.8,1.9,0.0,0.0,0.0,Fife  - All ADPs,d
128,2020/21Q3,S08000019,,Alcohol,,32,34.4,50.0,6.2,0.0,6.2,0.0,0.0,0.0,3.1,0.0,0.0,Forth Valley  - All ADPs,d
129,2020/21Q4,S08000019,,Alcohol,,63,54.0,25.4,9.5,1.6,1.6,1.6,3.2,3.2,0.0,0.0,0.0,Forth Valley  - All ADPs,d
130,2021/22Q1,S08000019,,Alcohol,,101,38.6,28.7,12.9,4.0,4.0,4.0,1.0,5.0,2.0,0.0,0.0,Forth Valley  - All ADPs,d
131,2021/22Q2,S08000019,,Alcohol,,106,44.3,20.8,8.5,3.8,1.9,0.9,7.5,5.7,6.6,0.0,0.0,Forth Valley  - All ADPs,d
132,2021/22Q3,S08000019,,Alcohol,,71,39.4,21.1,9.9,7.0,0.0,5.6,4.2,7.0,5.6,0.0,0.0,Forth Valley  - All ADPs,d
133,2020/21Q3,S08000019,,All,d,66,53.0,36.4,3.0,0.0,4.5,0.0,1.5,0.0,1.5,0.0,0.0,Forth Valley  - All ADPs,d
134,2020/21Q4,S08000019,,All,d,120,52.5,32.5,7.5,0.8,1.7,0.8,2.5,1.7,0.0,0.0,0.0,Forth Valley  - All ADPs,d
135,2021/22Q1,S08000019,,All,d,190,47.4,28.9,7.9,3.2,2.6,3.2,1.1,4.7,1.1,0.0,0.0,Forth Valley  - All ADPs,d
136,2021/22Q2,S08000019,,All,d,188,46.3,23.4,9.0,3.2,1.6,0.5,6.9,5.3,3.7,0.0,0.0,Forth Valley  - All ADPs,d
137,2021/22Q3,S08000019,,All,d,143,39.2,28.7,9.8,4.2,0.0,2.8,4.9,4.9,4.9,0.7,0.0,Forth Valley  - All ADPs,d
138,2021/22Q1,S08000019,,Co-dependency,,26,57.7,34.6,0.0,0.0,0.0,0.0,3.8,3.8,0.0,0.0,0.0,Forth Valley  - All ADPs,d
139,2021/22Q2,S08000019,,Co-dependency,,23,60.9,26.1,0.0,8.7,0.0,0.0,0.0,4.3,0.0,0.0,0.0,Forth Valley  - All ADPs,d
140,2021/22Q3,S08000019,,Co-dependency,,20,35.0,35.0,0.0,0.0,0.0,0.0,10.0,10.0,10.0,0.0,0.0,Forth Valley  - All ADPs,d
141,2020/21Q3,S08000019,,Drug,,34,70.6,23.5,0.0,0.0,2.9,0.0,2.9,0.0,0.0,0.0,0.0,Forth Valley  - All ADPs,d
142,2020/21Q4,S08000019,,Drug,,57,50.9,40.4,5.3,0.0,1.8,0.0,1.8,0.0,0.0,0.0,0.0,Forth Valley  - All ADPs,d
143,2021/22Q1,S08000019,,Drug,,63,57.1,27.0,3.2,3.2,1.6,3.2,0.0,4.8,0.0,0.0,0.0,Forth Valley  - All ADPs,d
144,2021/22Q2,S08000019,,Drug,,59,44.1,27.1,13.6,0.0,1.7,0.0,8.5,5.1,0.0,0.0,0.0,Forth Valley  - All ADPs,d
145,2021/22Q3,S08000019,,Drug,,52,40.4,36.5,13.5,1.9,0.0,0.0,3.8,0.0,1.9,1.9,0.0,Forth Valley  - All ADPs,d
146,2020/21Q3,S08000020,,Alcohol,,71,33.8,31.0,22.5,1.4,2.8,1.4,2.8,0.0,1.4,0.0,2.8,Grampian  - All ADPs,d
147,2020/21Q4,S08000020,,Alcohol,,70,60.0,25.7,5.7,1.4,0.0,0.0,1.4,4.3,0.0,0.0,1.4,Grampian  - All ADPs,d
148,2021/22Q1,S08000020,,Alcohol,,94,57.4,27.7,7.4,4.3,1.1,0.0,1.1,1.1,0.0,0.0,0.0,Grampian  - All ADPs,d
149,2021/22Q2,S08000020,,Alcohol,,101,68.3,16.8,8.9,3.0,1.0,2.0,0.0,0.0,0.0,0.0,0.0,Grampian  - All ADPs,d
150,2021/22Q3,S08000020,,Alcohol,,82,43.9,31.7,19.5,2.4,1.2,1.2,0.0,0.0,0.0,0.0,0.0,Grampian  - All ADPs,d
151,2020/21Q3,S08000020,,All,d,134,33.6,29.9,16.4,6.0,7.5,0.7,2.2,1.5,0.7,0.0,1.5,Grampian  - All ADPs,d
152,2020/21Q4,S08000020,,All,d,136,61.0,20.6,6.6,2.9,0.0,0.7,1.5,2.9,2.2,0.7,0.7,Grampian  - All ADPs,d
153,2021/22Q1,S08000020,,All,d,173,57.2,24.9,6.4,4.0,1.2,0.0,4.0,0.6,0.6,0.0,1.2,Grampian  - All ADPs,d
154,2021/22Q2,S08000020,,All,d,185,60.5,19.5,10.8,3.8,1.6,1.1,0.0,0.5,0.5,0.0,1.6,Grampian  - All ADPs,d
155,2021/22Q3,S08000020,,All,d,169,46.7,26.6,16.6,5.3,2.4,0.6,0.6,0.0,0.0,0.0,1.2,Grampian  - All ADPs,d
156,2020/21Q3,S08000020,,Co-dependency,,11,27.3,54.5,9.1,0.0,9.1,0.0,0.0,0.0,0.0,0.0,0.0,Grampian  - All ADPs,d
157,2020/21Q4,S08000020,,Co-dependency,,10,80.0,0.0,10.0,0.0,0.0,0.0,0.0,0.0,10.0,0.0,0.0,Grampian  - All ADPs,d
158,2021/22Q1,S08000020,,Co-dependency,,13,69.2,30.8,0.0,0.0,0.0,0.0,0.0,0.0,0.0,0.0,0.0,Grampian  - All ADPs,d
159,2021/22Q2,S08000020,,Co-dependency,,14,57.1,21.4,7.1,7.1,0.0,0.0,0.0,0.0,7.1,0.0,0.0,Grampian  - All ADPs,d
160,2021/22Q3,S08000020,,Co-dependency,,12,50.0,16.7,16.7,16.7,0.0,0.0,0.0,0.0,0.0,0.0,0.0,Grampian  - All ADPs,d
161,2020/21Q3,S08000020,,Drug,,52,34.6,23.1,9.6,13.5,13.5,0.0,1.9,3.8,0.0,0.0,0.0,Grampian  - All ADPs,d
162,2020/21Q4,S08000020,,Drug,,56,58.9,17.9,7.1,5.4,0.0,1.8,1.8,1.8,3.6,1.8,0.0,Grampian  - All ADPs,d
163,2021/22Q1,S08000020,,Drug,,66,54.5,19.7,6.1,4.5,1.5,0.0,9.1,0.0,1.5,0.0,3.0,Grampian  - All ADPs,d
164,2021/22Q2,S08000020,,Drug,,70,50.0,22.9,14.3,4.3,2.9,0.0,0.0,1.4,0.0,0.0,4.3,Grampian  - All ADPs,d
165,2021/22Q3,S08000020,,Drug,,75,49.3,22.7,13.3,6.7,4.0,0.0,1.3,0.0,0.0,0.0,2.7,Grampian  - All ADPs,d
166,2020/21Q3,S08000031,,Alcohol,,207,46.4,30.9,11.1,1.0,0.0,0.0,0.5,0.0,0.5,2.4,7.2,Greater Glasgow & Clyde  - All ADPs,d
167,2020/21Q4,S08000031,,Alcohol,,251,57.0,20.3,8.8,2.4,0.8,0.8,1.2,1.6,0.0,0.0,7.2,Greater Glasgow & Clyde  - All ADPs,d
168,2021/22Q1,S08000031,,Alcohol,,288,39.2,18.4,7.3,3.8,2.1,1.7,6.2,7.3,4.9,1.4,7.6,Greater Glasgow & Clyde  - All ADPs,d
169,2021/22Q2,S08000031,,Alcohol,,311,30.5,19.6,8.0,4.8,2.9,4.2,2.6,1.9,1.3,1.9,22.2,Greater Glasgow & Clyde  - All ADPs,d
170,2021/22Q3,S08000031,,Alcohol,,261,17.2,22.6,14.9,4.6,1.5,1.9,0.8,1.1,1.9,3.4,29.9,Greater Glasgow & Clyde  - All ADPs,d
171,2020/21Q3,S08000031,,All,d,360,43.6,31.1,11.1,1.7,1.1,0.8,0.3,0.3,0.8,1.7,7.5,Greater Glasgow & Clyde  - All ADPs,d
172,2020/21Q4,S08000031,,All,d,411,58.9,20.0,7.5,2.7,0.5,1.5,1.2,1.0,0.0,0.0,6.8,Greater Glasgow & Clyde  - All ADPs,d
173,2021/22Q1,S08000031,,All,d,518,38.2,17.2,8.7,5.8,2.9,2.7,6.2,7.1,3.9,1.4,6.0,Greater Glasgow & Clyde  - All ADPs,d
174,2021/22Q2,S08000031,,All,d,563,34.3,19.0,7.8,5.9,2.0,4.3,3.0,1.4,1.6,2.0,18.8,Greater Glasgow & Clyde  - All ADPs,d
175,2021/22Q3,S08000031,,All,d,435,20.2,23.0,13.8,4.4,2.5,1.1,0.5,2.1,1.8,2.8,27.8,Greater Glasgow & Clyde  - All ADPs,d
176,2021/22Q1,S08000031,,Co-dependency,,67,35.8,20.9,13.4,7.5,7.5,6.0,3.0,3.0,3.0,0.0,0.0,Greater Glasgow & Clyde  - All ADPs,d
177,2021/22Q2,S08000031,,Co-dependency,,79,40.5,19.0,12.7,7.6,0.0,8.9,3.8,1.3,2.5,0.0,3.8,Greater Glasgow & Clyde  - All ADPs,d
178,2021/22Q3,S08000031,,Co-dependency,,38,23.7,26.3,21.1,0.0,7.9,0.0,0.0,5.3,5.3,0.0,10.5,Greater Glasgow & Clyde  - All ADPs,d
179,2020/21Q3,S08000031,,Drug,,153,39.9,31.4,11.1,2.6,2.6,2.0,0.0,0.7,1.3,0.7,7.8,Greater Glasgow & Clyde  - All ADPs,d
180,2020/21Q4,S08000031,,Drug,,160,61.9,19.4,5.6,3.1,0.0,2.5,1.2,0.0,0.0,0.0,6.2,Greater Glasgow & Clyde  - All ADPs,d
181,2021/22Q1,S08000031,,Drug,,163,37.4,13.5,9.2,8.6,2.5,3.1,7.4,8.6,2.5,1.8,5.5,Greater Glasgow & Clyde  - All ADPs,d
182,2021/22Q2,S08000031,,Drug,,173,38.2,17.9,5.2,6.9,1.2,2.3,3.5,0.6,1.7,2.9,19.7,Greater Glasgow & Clyde  - All ADPs,d
183,2021/22Q3,S08000031,,Drug,,136,25.0,22.8,9.6,5.1,2.9,0.0,0.0,2.9,0.7,2.2,28.7,Greater Glasgow & Clyde  - All ADPs,d
184,2020/21Q3,S08000022,,Alcohol,,118,11.9,15.3,13.6,18.6,2.5,5.1,4.2,9.3,2.5,2.5,14.4,Highland  - All ADPs,d
185,2020/21Q4,S08000022,,Alcohol,,104,19.2,11.5,10.6,8.7,2.9,3.8,4.8,8.7,9.6,7.7,12.5,Highland  - All ADPs,d
186,2021/22Q1,S08000022,,Alcohol,,172,16.9,4.7,4.7,4.7,4.1,4.1,4.7,12.2,22.1,4.7,17.4,Highland  - All ADPs,d
187,2021/22Q2,S08000022,,Alcohol,,215,12.1,8.4,7.0,2.8,4.2,4.7,6.0,8.8,5.6,5.6,34.9,Highland  - All ADPs,d
188,2021/22Q3,S08000022,,Alcohol,,194,4.6,8.2,9.8,5.2,2.1,1.0,4.1,7.2,11.3,5.2,41.2,Highland  - All ADPs,d
189,2020/21Q3,S08000022,,All,d,175,14.3,13.7,14.3,15.4,3.4,4.6,6.3,8.0,4.0,2.9,13.1,Highland  - All ADPs,d
190,2020/21Q4,S08000022,,All,d,180,15.6,11.1,11.1,10.0,2.8,3.9,7.8,7.2,11.1,7.2,12.2,Highland  - All ADPs,d
191,2021/22Q1,S08000022,,All,d,288,16.3,7.3,4.9,4.2,3.5,4.5,5.2,9.0,22.2,5.2,17.7,Highland  - All ADPs,d
192,2021/22Q2,S08000022,,All,d,347,11.2,8.1,6.3,4.6,3.2,3.2,5.8,7.2,7.5,6.1,36.9,Highland  - All ADPs,d
193,2021/22Q3,S08000022,,All,d,300,4.7,8.0,10.0,4.3,2.3,1.7,4.0,7.0,9.3,5.0,43.7,Highland  - All ADPs,d
194,2021/22Q1,S08000022,,Co-dependency,,12,41.7,16.7,0.0,0.0,8.3,16.7,8.3,0.0,8.3,0.0,0.0,Highland  - All ADPs,d
195,2021/22Q2,S08000022,,Co-dependency,,25,20.0,8.0,8.0,16.0,4.0,0.0,16.0,8.0,8.0,8.0,4.0,Highland  - All ADPs,d
196,2021/22Q3,S08000022,,Co-dependency,,20,15.0,10.0,15.0,5.0,0.0,5.0,0.0,5.0,10.0,10.0,25.0,Highland  - All ADPs,d
197,2020/21Q3,S08000022,,Drug,,57,19.3,10.5,15.8,8.8,5.3,3.5,10.5,5.3,7.0,3.5,10.5,Highland  - All ADPs,d
198,2020/21Q4,S08000022,,Drug,,76,10.5,10.5,11.8,11.8,2.6,3.9,11.8,5.3,13.2,6.6,11.8,Highland  - All ADPs,d
199,2021/22Q1,S08000022,,Drug,,104,12.5,10.6,5.8,3.8,1.9,3.8,5.8,4.8,24.0,6.7,20.2,Highland  - All ADPs,d
200,2021/22Q2,S08000022,,Drug,,107,7.5,7.5,4.7,5.6,0.9,0.9,2.8,3.7,11.2,6.5,48.6,Highland  - All ADPs,d
201,2021/22Q3,S08000022,,Drug,,86,2.3,7.0,9.3,2.3,3.5,2.3,4.7,7.0,4.7,3.5,53.5,Highland  - All ADPs,d
202,2020/21Q3,S08000032,,Alcohol,,132,46.2,40.2,12.9,0.8,0.0,0.0,0.0,0.0,0.0,0.0,0.0,Lanarkshire  - All ADPs,d
203,2020/21Q4,S08000032,,Alcohol,,179,62.0,26.3,10.1,1.1,0.6,0.0,0.0,0.0,0.0,0.0,0.0,Lanarkshire  - All ADPs,d
204,2021/22Q1,S08000032,,Alcohol,,206,58.3,23.8,9.7,4.9,1.0,1.5,0.0,0.5,0.5,0.0,0.0,Lanarkshire  - All ADPs,d
205,2021/22Q2,S08000032,,Alcohol,,159,44.7,34.6,17.6,2.5,0.0,0.0,0.6,0.0,0.0,0.0,0.0,Lanarkshire  - All ADPs,d
206,2021/22Q3,S08000032,,Alcohol,,168,43.5,38.7,16.7,0.0,0.6,0.0,0.0,0.6,0.0,0.0,0.0,Lanarkshire  - All ADPs,d
207,2020/21Q3,S08000032,,All,d,258,44.6,40.3,13.2,0.8,0.8,0.0,0.0,0.4,0.0,0.0,0.0,Lanarkshire  - All ADPs,d
208,2020/21Q4,S08000032,,All,d,341,62.2,27.6,8.5,1.2,0.3,0.0,0.0,0.0,0.3,0.0,0.0,Lanarkshire  - All ADPs,d
209,2021/22Q1,S08000032,,All,d,385,52.5,28.3,11.7,3.6,1.0,0.8,0.8,0.5,0.3,0.3,0.3,Lanarkshire  - All ADPs,d
210,2021/22Q2,S08000032,,All,d,325,44.9,34.5,16.3,2.2,0.6,0.3,0.3,0.3,0.3,0.0,0.3,Lanarkshire  - All ADPs,d
211,2021/22Q3,S08000032,,All,d,327,44.0,38.8,15.0,0.9,0.3,0.0,0.0,0.3,0.0,0.3,0.3,Lanarkshire  - All ADPs,d
212,2021/22Q1,S08000032,,Co-dependency,,61,47.5,39.3,9.8,0.0,0.0,0.0,3.3,0.0,0.0,0.0,0.0,Lanarkshire  - All ADPs,d
213,2021/22Q2,S08000032,,Co-dependency,,73,43.8,42.5,9.6,1.4,2.7,0.0,0.0,0.0,0.0,0.0,0.0,Lanarkshire  - All ADPs,d
214,2021/22Q3,S08000032,,Co-dependency,,52,44.2,42.3,13.5,0.0,0.0,0.0,0.0,0.0,0.0,0.0,0.0,Lanarkshire  - All ADPs,d
215,2020/21Q3,S08000032,,Drug,,126,42.9,40.5,13.5,0.8,1.6,0.0,0.0,0.8,0.0,0.0,0.0,Lanarkshire  - All ADPs,d
216,2020/21Q4,S08000032,,Drug,,162,62.3,29.0,6.8,1.2,0.0,0.0,0.0,0.0,0.6,0.0,0.0,Lanarkshire  - All ADPs,d
217,2021/22Q1,S08000032,,Drug,,118,44.9,30.5,16.1,3.4,1.7,0.0,0.8,0.8,0.0,0.8,0.8,Lanarkshire  - All ADPs,d
218,2021/22Q2,S08000032,,Drug,,93,46.2,28.0,19.4,2.2,0.0,1.1,0.0,1.1,1.1,0.0,1.1,Lanarkshire  - All ADPs,d
219,2021/22Q3,S08000032,,Drug,,107,44.9,37.4,13.1,2.8,0.0,0.0,0.0,0.0,0.0,0.9,0.9,Lanarkshire  - All ADPs,d
220,2020/21Q3,S08000024,,Alcohol,,50,34.0,16.0,24.0,12.0,6.0,2.0,6.0,0.0,0.0,0.0,0.0,Lothian  - All ADPs,d
221,2020/21Q4,S08000024,,Alcohol,,63,39.7,33.3,14.3,6.3,3.2,1.6,0.0,0.0,0.0,1.6,0.0,Lothian  - All ADPs,d
222,2021/22Q1,S08000024,,Alcohol,,85,43.5,27.1,11.8,5.9,3.5,2.4,3.5,1.2,1.2,0.0,0.0,Lothian  - All ADPs,d
223,2021/22Q2,S08000024,,Alcohol,,119,42.0,13.4,12.6,4.2,7.6,0.8,6.7,8.4,2.5,0.0,1.7,Lothian  - All ADPs,d
224,2021/22Q3,S08000024,,Alcohol,,46,30.4,37.0,19.6,10.9,0.0,0.0,0.0,2.2,0.0,0.0,0.0,Lothian  - All ADPs,d
225,2020/21Q3,S08000024,,All,d,127,41.7,18.1,17.3,7.9,5.5,4.7,3.1,0.8,0.0,0.0,0.8,Lothian  - All ADPs,d
226,2020/21Q4,S08000024,,All,d,133,44.4,31.6,14.3,5.3,1.5,1.5,0.8,0.0,0.0,0.8,0.0,Lothian  - All ADPs,d
227,2021/22Q1,S08000024,,All,d,179,44.1,29.1,12.3,5.6,2.2,1.7,1.7,1.7,1.7,0.0,0.0,Lothian  - All ADPs,d
228,2021/22Q2,S08000024,,All,d,220,38.6,15.0,13.6,5.0,8.2,1.8,5.0,8.2,2.7,0.0,1.8,Lothian  - All ADPs,d
229,2021/22Q3,S08000024,,All,d,86,27.9,40.7,18.6,9.3,1.2,0.0,1.2,1.2,0.0,0.0,0.0,Lothian  - All ADPs,d
230,2021/22Q1,S08000024,,Co-dependency,,20,50.0,30.0,5.0,10.0,0.0,0.0,0.0,5.0,0.0,0.0,0.0,Lothian  - All ADPs,d
231,2021/22Q2,S08000024,,Co-dependency,,18,27.8,27.8,16.7,11.1,5.6,0.0,0.0,5.6,5.6,0.0,0.0,Lothian  - All ADPs,d
232,2021/22Q3,S08000024,,Co-dependency,,10,30.0,50.0,0.0,20.0,0.0,0.0,0.0,0.0,0.0,0.0,0.0,Lothian  - All ADPs,d
233,2020/21Q3,S08000024,,Drug,,77,46.8,19.5,13.0,5.2,5.2,6.5,1.3,1.3,0.0,0.0,1.3,Lothian  - All ADPs,d
234,2020/21Q4,S08000024,,Drug,,70,48.6,30.0,14.3,4.3,0.0,1.4,1.4,0.0,0.0,0.0,0.0,Lothian  - All ADPs,d
235,2021/22Q1,S08000024,,Drug,,74,43.2,31.1,14.9,4.1,1.4,1.4,0.0,1.4,2.7,0.0,0.0,Lothian  - All ADPs,d
236,2021/22Q2,S08000024,,Drug,,83,36.1,14.5,14.5,4.8,9.6,3.6,3.6,8.4,2.4,0.0,2.4,Lothian  - All ADPs,d
237,2021/22Q3,S08000024,,Drug,,30,23.3,43.3,23.3,3.3,3.3,0.0,3.3,0.0,0.0,0.0,0.0,Lothian  - All ADPs,d
238,2021/22Q2,S08000025,,Alcohol,,1,100.0,0.0,0.0,0.0,0.0,0.0,0.0,0.0,0.0,0.0,0.0,Orkney Islands ADP,
239,2021/22Q2,S08000025,,Alcohol,,1,100.0,0.0,0.0,0.0,0.0,0.0,0.0,0.0,0.0,0.0,0.0,Orkney  - All ADPs,d
240,2021/22Q2,S08000025,,All,d,2,50.0,50.0,0.0,0.0,0.0,0.0,0.0,0.0,0.0,0.0,0.0,Orkney Islands ADP,
241,2021/22Q2,S08000025,,All,d,2,50.0,50.0,0.0,0.0,0.0,0.0,0.0,0.0,0.0,0.0,0.0,Orkney  - All ADPs,d
242,2021/22Q2,S08000025,,Drug,,1,0.0,100.0,0.0,0.0,0.0,0.0,0.0,0.0,0.0,0.0,0.0,Orkney Islands ADP,
243,2021/22Q2,S08000025,,Drug,,1,0.0,100.0,0.0,0.0,0.0,0.0,0.0,0.0,0.0,0.0,0.0,Orkney  - All ADPs,d
244,2020/21Q3,S08000026,,Alcohol,,3,33.3,0.0,0.0,0.0,0.0,0.0,0.0,0.0,0.0,0.0,66.7,Shetland Islands ADP,
245,2020/21Q3,S08000026,,Alcohol,,3,33.3,0.0,0.0,0.0,0.0,0.0,0.0,0.0,0.0,0.0,66.7,Shetland  - All ADPs,d
246,2020/21Q4,S08000026,,Alcohol,,2,0.0,0.0,0.0,0.0,0.0,0.0,0.0,0.0,0.0,0.0,100.0,Shetland Islands ADP,
247,2020/21Q4,S08000026,,Alcohol,,2,0.0,0.0,0.0,0.0,0.0,0.0,0.0,0.0,0.0,0.0,100.0,Shetland  - All ADPs,d
248,2021/22Q1,S08000026,,Alcohol,,3,33.3,0.0,0.0,0.0,0.0,0.0,0.0,0.0,0.0,0.0,66.7,Shetland Islands ADP,
249,2021/22Q1,S08000026,,Alcohol,,3,33.3,0.0,0.0,0.0,0.0,0.0,0.0,0.0,0.0,0.0,66.7,Shetland  - All ADPs,d
250,2021/22Q2,S08000026,,Alcohol,,4,25.0,0.0,25.0,0.0,0.0,0.0,0.0,0.0,0.0,0.0,50.0,Shetland Islands ADP,
251,2021/22Q2,S08000026,,Alcohol,,4,25.0,0.0,25.0,0.0,0.0,0.0,0.0,0.0,0.0,0.0,50.0,Shetland  - All ADPs,d
252,2020/21Q3,S08000026,,All,d,5,20.0,0.0,20.0,0.0,0.0,0.0,0.0,0.0,0.0,0.0,60.0,Shetland Islands ADP,
253,2020/21Q3,S08000026,,All,d,5,20.0,0.0,20.0,0.0,0.0,0.0,0.0,0.0,0.0,0.0,60.0,Shetland  - All ADPs,d
254,2020/21Q4,S08000026,,All,d,4,0.0,0.0,0.0,0.0,0.0,0.0,25.0,0.0,0.0,0.0,75.0,Shetland Islands ADP,
255,2020/21Q4,S08000026,,All,d,4,0.0,0.0,0.0,0.0,0.0,0.0,25.0,0.0,0.0,0.0,75.0,Shetland  - All ADPs,d
256,2021/22Q1,S08000026,,All,d,10,60.0,0.0,0.0,0.0,0.0,0.0,0.0,0.0,0.0,10.0,30.0,Shetland Islands ADP,
257,2021/22Q1,S08000026,,All,d,10,60.0,0.0,0.0,0.0,0.0,0.0,0.0,0.0,0.0,10.0,30.0,Shetland  - All ADPs,d
258,2021/22Q2,S08000026,,All,d,5,20.0,20.0,20.0,0.0,0.0,0.0,0.0,0.0,0.0,0.0,40.0,Shetland Islands ADP,
259,2021/22Q2,S08000026,,All,d,5,20.0,20.0,20.0,0.0,0.0,0.0,0.0,0.0,0.0,0.0,40.0,Shetland  - All ADPs,d
260,2021/22Q1,S08000026,,Co-dependency,,2,100.0,0.0,0.0,0.0,0.0,0.0,0.0,0.0,0.0,0.0,0.0,Shetland Islands ADP,
261,2021/22Q1,S08000026,,Co-dependency,,2,100.0,0.0,0.0,0.0,0.0,0.0,0.0,0.0,0.0,0.0,0.0,Shetland  - All ADPs,d
262,2020/21Q3,S08000026,,Drug,,2,0.0,0.0,50.0,0.0,0.0,0.0,0.0,0.0,0.0,0.0,50.0,Shetland Islands ADP,
263,2020/21Q3,S08000026,,Drug,,2,0.0,0.0,50.0,0.0,0.0,0.0,0.0,0.0,0.0,0.0,50.0,Shetland  - All ADPs,d
264,2020/21Q4,S08000026,,Drug,,2,0.0,0.0,0.0,0.0,0.0,0.0,50.0,0.0,0.0,0.0,50.0,Shetland Islands ADP,
265,2020/21Q4,S08000026,,Drug,,2,0.0,0.0,0.0,0.0,0.0,0.0,50.0,0.0,0.0,0.0,50.0,Shetland  - All ADPs,d
266,2021/22Q1,S08000026,,Drug,,5,60.0,0.0,0.0,0.0,0.0,0.0,0.0,0.0,0.0,20.0,20.0,Shetland Islands ADP,
267,2021/22Q1,S08000026,,Drug,,5,60.0,0.0,0.0,0.0,0.0,0.0,0.0,0.0,0.0,20.0,20.0,Shetland  - All ADPs,d
268,2021/22Q2,S08000026,,Drug,,1,0.0,100.0,0.0,0.0,0.0,0.0,0.0,0.0,0.0,0.0,0.0,Shetland Islands ADP,
269,2021/22Q2,S08000026,,Drug,,1,0.0,100.0,0.0,0.0,0.0,0.0,0.0,0.0,0.0,0.0,0.0,Shetland  - All ADPs,d
270,2020/21Q3,S08000030,,Alcohol,,43,37.2,37.2,16.3,0.0,4.7,0.0,0.0,0.0,0.0,0.0,4.7,Tayside  - All ADPs,d
271,2020/21Q4,S08000030,,Alcohol,,48,39.6,35.4,18.8,4.2,0.0,0.0,0.0,2.1,0.0,0.0,0.0,Tayside  - All ADPs,d
272,2021/22Q1,S08000030,,Alcohol,,113,17.7,15.0,13.3,11.5,9.7,11.5,9.7,8.8,2.7,0.0,0.0,Tayside  - All ADPs,d
273,2021/22Q2,S08000030,,Alcohol,,179,19.6,9.5,10.1,7.3,5.6,6.7,7.3,14.0,11.7,6.1,2.2,Tayside  - All ADPs,d
274,2021/22Q3,S08000030,,Alcohol,,187,10.7,19.3,9.1,5.9,5.9,4.8,8.6,13.9,10.7,1.6,9.6,Tayside  - All ADPs,d
275,2020/21Q3,S08000030,,All,d,77,39.0,29.9,19.5,5.2,2.6,0.0,1.3,0.0,0.0,0.0,2.6,Tayside  - All ADPs,d
276,2020/21Q4,S08000030,,All,d,88,43.2,34.1,18.2,3.4,0.0,0.0,0.0,1.1,0.0,0.0,0.0,Tayside  - All ADPs,d
277,2021/22Q1,S08000030,,All,d,222,22.1,14.9,10.8,7.7,8.1,9.9,9.0,13.5,4.1,0.0,0.0,Tayside  - All ADPs,d
278,2021/22Q2,S08000030,,All,d,290,17.9,10.7,7.9,7.2,4.5,5.5,6.9,14.5,11.4,9.0,4.5,Tayside  - All ADPs,d
279,2021/22Q3,S08000030,,All,d,309,11.0,18.1,10.4,5.8,4.5,4.5,7.1,13.6,9.4,3.2,12.3,Tayside  - All ADPs,d
280,2021/22Q1,S08000030,,Co-dependency,,3,0.0,66.7,0.0,0.0,0.0,0.0,33.3,0.0,0.0,0.0,0.0,Tayside  - All ADPs,d
281,2021/22Q2,S08000030,,Co-dependency,,4,25.0,25.0,25.0,0.0,25.0,0.0,0.0,0.0,0.0,0.0,0.0,Tayside  - All ADPs,d
282,2021/22Q3,S08000030,,Co-dependency,,8,37.5,0.0,25.0,0.0,0.0,0.0,12.5,12.5,12.5,0.0,0.0,Tayside  - All ADPs,d
283,2020/21Q3,S08000030,,Drug,,34,41.2,20.6,23.5,11.8,0.0,0.0,2.9,0.0,0.0,0.0,0.0,Tayside  - All ADPs,d
284,2020/21Q4,S08000030,,Drug,,40,47.5,32.5,17.5,2.5,0.0,0.0,0.0,0.0,0.0,0.0,0.0,Tayside  - All ADPs,d
285,2021/22Q1,S08000030,,Drug,,106,27.4,13.2,8.5,3.8,6.6,8.5,7.5,18.9,5.7,0.0,0.0,Tayside  - All ADPs,d
286,2021/22Q2,S08000030,,Drug,,107,15.0,12.1,3.7,7.5,1.9,3.7,6.5,15.9,11.2,14.0,8.4,Tayside  - All ADPs,d
287,2021/22Q3,S08000030,,Drug,,114,9.6,17.5,11.4,6.1,2.6,4.4,4.4,13.2,7.0,6.1,17.5,Tayside  - All ADPs,d
288,2020/21Q3,S08000028,,Alcohol,,5,0.0,0.0,80.0,20.0,0.0,0.0,0.0,0.0,0.0,0.0,0.0,Western Isles ADP,
289,2020/21Q3,S08000028,,Alcohol,,5,0.0,0.0,80.0,20.0,0.0,0.0,0.0,0.0,0.0,0.0,0.0,Western Isles  - All ADPs,d
290,2020/21Q4,S08000028,,Alcohol,,3,66.7,33.3,0.0,0.0,0.0,0.0,0.0,0.0,0.0,0.0,0.0,Western Isles ADP,
291,2020/21Q4,S08000028,,Alcohol,,3,66.7,33.3,0.0,0.0,0.0,0.0,0.0,0.0,0.0,0.0,0.0,Western Isles  - All ADPs,d
292,2021/22Q1,S08000028,,Alcohol,,1,0.0,0.0,0.0,0.0,0.0,100.0,0.0,0.0,0.0,0.0,0.0,Western Isles ADP,
293,2021/22Q1,S08000028,,Alcohol,,1,0.0,0.0,0.0,0.0,0.0,100.0,0.0,0.0,0.0,0.0,0.0,Western Isles  - All ADPs,d
294,2021/22Q2,S08000028,,Alcohol,,6,50.0,16.7,0.0,0.0,0.0,16.7,0.0,0.0,0.0,16.7,0.0,Western Isles ADP,
295,2021/22Q2,S08000028,,Alcohol,,6,50.0,16.7,0.0,0.0,0.0,16.7,0.0,0.0,0.0,16.7,0.0,Western Isles  - All ADPs,d
296,2021/22Q3,S08000028,,Alcohol,,3,0.0,100.0,0.0,0.0,0.0,0.0,0.0,0.0,0.0,0.0,0.0,Western Isles ADP,
297,2021/22Q3,S08000028,,Alcohol,,3,0.0,100.0,0.0,0.0,0.0,0.0,0.0,0.0,0.0,0.0,0.0,Western Isles  - All ADPs,d
298,2020/21Q3,S08000028,,All,d,6,0.0,16.7,66.7,16.7,0.0,0.0,0.0,0.0,0.0,0.0,0.0,Western Isles ADP,
299,2020/21Q3,S08000028,,All,d,6,0.0,16.7,66.7,16.7,0.0,0.0,0.0,0.0,0.0,0.0,0.0,Western Isles  - All ADPs,d
300,2020/21Q4,S08000028,,All,d,3,66.7,33.3,0.0,0.0,0.0,0.0,0.0,0.0,0.0,0.0,0.0,Western Isles ADP,
301,2020/21Q4,S08000028,,All,d,3,66.7,33.3,0.0,0.0,0.0,0.0,0.0,0.0,0.0,0.0,0.0,Western Isles  - All ADPs,d
302,2021/22Q1,S08000028,,All,d,1,0.0,0.0,0.0,0.0,0.0,100.0,0.0,0.0,0.0,0.0,0.0,Western Isles ADP,
303,2021/22Q1,S08000028,,All,d,1,0.0,0.0,0.0,0.0,0.0,100.0,0.0,0.0,0.0,0.0,0.0,Western Isles  - All ADPs,d
304,2021/22Q2,S08000028,,All,d,10,40.0,20.0,10.0,0.0,0.0,20.0,0.0,0.0,0.0,10.0,0.0,Western Isles ADP,
305,2021/22Q2,S08000028,,All,d,10,40.0,20.0,10.0,0.0,0.0,20.0,0.0,0.0,0.0,10.0,0.0,Western Isles  - All ADPs,d
306,2021/22Q3,S08000028,,All,d,4,0.0,75.0,0.0,0.0,0.0,0.0,25.0,0.0,0.0,0.0,0.0,Western Isles ADP,
307,2021/22Q3,S08000028,,All,d,4,0.0,75.0,0.0,0.0,0.0,0.0,25.0,0.0,0.0,0.0,0.0,Western Isles  - All ADPs,d
308,2021/22Q2,S08000028,,Co-dependency,,3,33.3,33.3,33.3,0.0,0.0,0.0,0.0,0.0,0.0,0.0,0.0,Western Isles ADP,
309,2021/22Q2,S08000028,,Co-dependency,,3,33.3,33.3,33.3,0.0,0.0,0.0,0.0,0.0,0.0,0.0,0.0,Western Isles  - All ADPs,d
310,2020/21Q3,S08000028,,Drug,,1,0.0,100.0,0.0,0.0,0.0,0.0,0.0,0.0,0.0,0.0,0.0,Western Isles ADP,
311,2020/21Q3,S08000028,,Drug,,1,0.0,100.0,0.0,0.0,0.0,0.0,0.0,0.0,0.0,0.0,0.0,Western Isles  - All ADPs,d
312,2021/22Q2,S08000028,,Drug,,1,0.0,0.0,0.0,0.0,0.0,100.0,0.0,0.0,0.0,0.0,0.0,Western Isles ADP,
313,2021/22Q2,S08000028,,Drug,,1,0.0,0.0,0.0,0.0,0.0,100.0,0.0,0.0,0.0,0.0,0.0,Western Isles  - All ADPs,d
314,2021/22Q3,S08000028,,Drug,,1,0.0,0.0,0.0,0.0,0.0,0.0,100.0,0.0,0.0,0.0,0.0,Western Isles ADP,
315,2021/22Q3,S08000028,,Drug,,1,0.0,0.0,0.0,0.0,0.0,0.0,100.0,0.0,0.0,0.0,0.0,Western Isles  - All ADPs,d
316,2020/21Q3,S92000003,d,Alcohol,,766,35.1,31.1,15.5,5.1,2.1,1.3,1.4,1.4,0.8,1.0,5.1,,
317,2020/21Q4,S92000003,d,Alcohol,,970,50.7,25.1,10.1,3.0,1.0,0.9,1.1,2.4,1.0,1.1,3.5,,
318,2021/22Q1,S92000003,d,Alcohol,,1251,40.8,20.2,9.1,5.1,3.1,3.0,3.4,4.8,5.1,1.0,4.4,,
319,2021/22Q2,S92000003,d,Alcohol,,1364,35.9,17.7,10.6,4.1,2.9,2.9,3.8,4.8,3.5,2.4,11.4,,
320,2021/22Q3,S92000003,d,Alcohol,,1159,23.6,24.2,13.5,4.9,2.6,2.0,2.8,4.4,4.4,1.9,15.7,,
321,2020/21Q3,S92000003,d,All,d,1382,36.5,30.0,15.3,4.8,2.8,1.4,1.8,1.4,0.9,0.8,4.3,,
322,2020/21Q4,S92000003,d,All,d,1734,52.0,24.7,9.5,3.1,0.9,1.1,1.6,1.6,1.5,1.0,3.1,,
323,2021/22Q1,S92000003,d,All,d,2306,41.5,20.8,9.3,4.9,2.9,2.8,3.6,4.7,4.6,1.0,3.9,,
324,2021/22Q2,S92000003,d,All,d,2432,36.5,19.1,10.3,4.5,2.5,2.5,3.4,4.3,3.5,2.6,10.7,,
325,2021/22Q3,S92000003,d,All,d,2030,26.2,25.1,13.0,4.8,2.5,1.6,2.6,4.1,3.5,1.9,14.7,,
326,2020/21Q3,S92000003,d,Co-dependency,,17,29.4,41.2,17.6,5.9,5.9,0.0,0.0,0.0,0.0,0.0,0.0,,
327,2020/21Q4,S92000003,d,Co-dependency,,25,68.0,16.0,8.0,0.0,4.0,0.0,0.0,0.0,4.0,0.0,0.0,,
328,2021/22Q1,S92000003,d,Co-dependency,,217,46.1,29.0,9.2,3.2,3.2,2.8,3.2,1.8,1.4,0.0,0.0,,
329,2021/22Q2,S92000003,d,Co-dependency,,265,42.3,26.4,11.7,6.0,1.9,2.6,2.6,1.9,2.3,0.8,1.5,,
330,2021/22Q3,S92000003,d,Co-dependency,,185,34.6,31.9,13.5,3.2,1.6,0.5,1.6,3.2,3.8,1.1,4.9,,
331,2020/21Q3,S92000003,d,Drug,,599,38.6,28.2,14.9,4.5,3.7,1.7,2.3,1.3,1.0,0.5,3.3,,
332,2020/21Q4,S92000003,d,Drug,,739,53.0,24.6,8.7,3.4,0.5,1.4,2.2,0.7,2.0,0.8,2.7,,
333,2021/22Q1,S92000003,d,Drug,,838,41.3,19.6,9.7,4.9,2.6,2.6,3.9,5.3,4.5,1.4,4.2,,
334,2021/22Q2,S92000003,d,Drug,,803,35.6,19.2,9.5,4.6,2.1,1.7,3.0,4.2,3.7,3.6,12.7,,
335,2021/22Q3,S92000003,d,Drug,,686,28.1,24.8,12.1,5.0,2.6,1.2,2.5,3.8,2.0,2.2,15.7,,
336,2020/21Q3,S08000015,,Alcohol,,2,0.0,100.0,0.0,0.0,0.0,0.0,0.0,0.0,0.0,0.0,0.0,East Ayrshire ADP,
337,2020/21Q4,S08000015,,Alcohol,,18,50.0,44.4,5.6,0.0,0.0,0.0,0.0,0.0,0.0,0.0,0.0,East Ayrshire ADP,
338,2021/22Q1,S08000015,,Alcohol,,14,57.1,28.6,14.3,0.0,0.0,0.0,0.0,0.0,0.0,0.0,0.0,East Ayrshire ADP,
339,2021/22Q2,S08000015,,Alcohol,,6,83.3,16.7,0.0,0.0,0.0,0.0,0.0,0.0,0.0,0.0,0.0,East Ayrshire ADP,
340,2021/22Q3,S08000015,,Alcohol,,12,50.0,8.3,16.7,25.0,0.0,0.0,0.0,0.0,0.0,0.0,0.0,East Ayrshire ADP,
341,2020/21Q3,S08000015,,All,d,4,0.0,75.0,25.0,0.0,0.0,0.0,0.0,0.0,0.0,0.0,0.0,East Ayrshire ADP,
342,2020/21Q4,S08000015,,All,d,26,46.2,38.5,11.5,0.0,3.8,0.0,0.0,0.0,0.0,0.0,0.0,East Ayrshire ADP,
343,2021/22Q1,S08000015,,All,d,16,50.0,25.0,25.0,0.0,0.0,0.0,0.0,0.0,0.0,0.0,0.0,East Ayrshire ADP,
344,2021/22Q2,S08000015,,All,d,7,85.7,14.3,0.0,0.0,0.0,0.0,0.0,0.0,0.0,0.0,0.0,East Ayrshire ADP,
345,2021/22Q3,S08000015,,All,d,13,46.2,7.7,23.1,23.1,0.0,0.0,0.0,0.0,0.0,0.0,0.0,East Ayrshire ADP,
346,2020/21Q3,S08000015,,Drug,,2,0.0,50.0,50.0,0.0,0.0,0.0,0.0,0.0,0.0,0.0,0.0,East Ayrshire ADP,
347,2020/21Q4,S08000015,,Drug,,8,37.5,25.0,25.0,0.0,12.5,0.0,0.0,0.0,0.0,0.0,0.0,East Ayrshire ADP,
348,2021/22Q1,S08000015,,Drug,,2,0.0,0.0,100.0,0.0,0.0,0.0,0.0,0.0,0.0,0.0,0.0,East Ayrshire ADP,
349,2021/22Q2,S08000015,,Drug,,1,100.0,0.0,0.0,0.0,0.0,0.0,0.0,0.0,0.0,0.0,0.0,East Ayrshire ADP,
350,2021/22Q3,S08000015,,Drug,,1,0.0,0.0,100.0,0.0,0.0,0.0,0.0,0.0,0.0,0.0,0.0,East Ayrshire ADP,
351,2020/21Q3,S08000015,,Alcohol,,16,25.0,50.0,25.0,0.0,0.0,0.0,0.0,0.0,0.0,0.0,0.0,North Ayrshire ADP,
352,2020/21Q4,S08000015,,Alcohol,,27,66.7,33.3,0.0,0.0,0.0,0.0,0.0,0.0,0.0,0.0,0.0,North Ayrshire ADP,
353,2021/22Q1,S08000015,,Alcohol,,35,68.6,25.7,5.7,0.0,0.0,0.0,0.0,0.0,0.0,0.0,0.0,North Ayrshire ADP,
354,2021/22Q2,S08000015,,Alcohol,,23,56.5,26.1,8.7,4.3,0.0,0.0,4.3,0.0,0.0,0.0,0.0,North Ayrshire ADP,
355,2021/22Q3,S08000015,,Alcohol,,30,30.0,36.7,20.0,10.0,3.3,0.0,0.0,0.0,0.0,0.0,0.0,North Ayrshire ADP,
356,2020/21Q3,S08000015,,All,d,28,28.6,42.9,25.0,3.6,0.0,0.0,0.0,0.0,0.0,0.0,0.0,North Ayrshire ADP,
357,2020/21Q4,S08000015,,All,d,57,63.2,31.6,3.5,0.0,1.8,0.0,0.0,0.0,0.0,0.0,0.0,North Ayrshire ADP,
358,2021/22Q1,S08000015,,All,d,57,64.9,28.1,7.0,0.0,0.0,0.0,0.0,0.0,0.0,0.0,0.0,North Ayrshire ADP,
359,2021/22Q2,S08000015,,All,d,42,54.8,23.8,16.7,2.4,0.0,0.0,2.4,0.0,0.0,0.0,0.0,North Ayrshire ADP,
360,2021/22Q3,S08000015,,All,d,51,41.2,33.3,17.6,5.9,2.0,0.0,0.0,0.0,0.0,0.0,0.0,North Ayrshire ADP,
361,2020/21Q4,S08000015,,Co-dependency,,7,42.9,28.6,14.3,0.0,14.3,0.0,0.0,0.0,0.0,0.0,0.0,North Ayrshire ADP,
362,2021/22Q2,S08000015,,Co-dependency,,4,25.0,50.0,25.0,0.0,0.0,0.0,0.0,0.0,0.0,0.0,0.0,North Ayrshire ADP,
363,2021/22Q3,S08000015,,Co-dependency,,5,60.0,20.0,20.0,0.0,0.0,0.0,0.0,0.0,0.0,0.0,0.0,North Ayrshire ADP,
364,2020/21Q3,S08000015,,Drug,,6,33.3,50.0,16.7,0.0,0.0,0.0,0.0,0.0,0.0,0.0,0.0,North Ayrshire ADP,
365,2020/21Q4,S08000015,,Drug,,23,65.2,30.4,4.3,0.0,0.0,0.0,0.0,0.0,0.0,0.0,0.0,North Ayrshire ADP,
366,2021/22Q1,S08000015,,Drug,,21,61.9,28.6,9.5,0.0,0.0,0.0,0.0,0.0,0.0,0.0,0.0,North Ayrshire ADP,
367,2021/22Q2,S08000015,,Drug,,15,60.0,13.3,26.7,0.0,0.0,0.0,0.0,0.0,0.0,0.0,0.0,North Ayrshire ADP,
368,2021/22Q3,S08000015,,Drug,,16,56.2,31.2,12.5,0.0,0.0,0.0,0.0,0.0,0.0,0.0,0.0,North Ayrshire ADP,
369,2020/21Q3,S08000015,,Alcohol,,14,50.0,42.9,7.1,0.0,0.0,0.0,0.0,0.0,0.0,0.0,0.0,South Ayrshire ADP,
370,2020/21Q4,S08000015,,Alcohol,,20,65.0,25.0,10.0,0.0,0.0,0.0,0.0,0.0,0.0,0.0,0.0,South Ayrshire ADP,
371,2021/22Q1,S08000015,,Alcohol,,20,80.0,15.0,5.0,0.0,0.0,0.0,0.0,0.0,0.0,0.0,0.0,South Ayrshire ADP,
372,2021/22Q2,S08000015,,Alcohol,,14,71.4,7.1,21.4,0.0,0.0,0.0,0.0,0.0,0.0,0.0,0.0,South Ayrshire ADP,
373,2021/22Q3,S08000015,,Alcohol,,13,61.5,23.1,7.7,0.0,0.0,0.0,7.7,0.0,0.0,0.0,0.0,South Ayrshire ADP,
374,2020/21Q3,S08000015,,All,d,17,47.1,35.3,11.8,5.9,0.0,0.0,0.0,0.0,0.0,0.0,0.0,South Ayrshire ADP,
375,2020/21Q4,S08000015,,All,d,26,69.2,23.1,7.7,0.0,0.0,0.0,0.0,0.0,0.0,0.0,0.0,South Ayrshire ADP,
376,2021/22Q1,S08000015,,All,d,31,77.4,16.1,3.2,0.0,3.2,0.0,0.0,0.0,0.0,0.0,0.0,South Ayrshire ADP,
377,2021/22Q2,S08000015,,All,d,24,70.8,8.3,16.7,0.0,0.0,0.0,0.0,0.0,0.0,4.2,0.0,South Ayrshire ADP,
378,2021/22Q3,S08000015,,All,d,19,47.4,42.1,5.3,0.0,0.0,0.0,5.3,0.0,0.0,0.0,0.0,South Ayrshire ADP,
379,2020/21Q4,S08000015,,Co-dependency,,2,50.0,50.0,0.0,0.0,0.0,0.0,0.0,0.0,0.0,0.0,0.0,South Ayrshire ADP,
380,2021/22Q2,S08000015,,Co-dependency,,4,75.0,0.0,25.0,0.0,0.0,0.0,0.0,0.0,0.0,0.0,0.0,South Ayrshire ADP,
381,2021/22Q3,S08000015,,Co-dependency,,2,0.0,100.0,0.0,0.0,0.0,0.0,0.0,0.0,0.0,0.0,0.0,South Ayrshire ADP,
382,2020/21Q3,S08000015,,Drug,,3,33.3,0.0,33.3,33.3,0.0,0.0,0.0,0.0,0.0,0.0,0.0,South Ayrshire ADP,
383,2020/21Q4,S08000015,,Drug,,4,100.0,0.0,0.0,0.0,0.0,0.0,0.0,0.0,0.0,0.0,0.0,South Ayrshire ADP,
384,2021/22Q1,S08000015,,Drug,,11,72.7,18.2,0.0,0.0,9.1,0.0,0.0,0.0,0.0,0.0,0.0,South Ayrshire ADP,
385,2021/22Q2,S08000015,,Drug,,6,66.7,16.7,0.0,0.0,0.0,0.0,0.0,0.0,0.0,16.7,0.0,South Ayrshire ADP,
386,2021/22Q3,S08000015,,Drug,,4,25.0,75.0,0.0,0.0,0.0,0.0,0.0,0.0,0.0,0.0,0.0,South Ayrshire ADP,
387,2020/21Q3,S08000019,,Alcohol,,7,57.1,28.6,14.3,0.0,0.0,0.0,0.0,0.0,0.0,0.0,0.0,Clackmannanshire ADP,
388,2020/21Q4,S08000019,,Alcohol,,13,69.2,30.8,0.0,0.0,0.0,0.0,0.0,0.0,0.0,0.0,0.0,Clackmannanshire ADP,
389,2021/22Q1,S08000019,,Alcohol,,9,44.4,44.4,11.1,0.0,0.0,0.0,0.0,0.0,0.0,0.0,0.0,Clackmannanshire ADP,
390,2021/22Q2,S08000019,,Alcohol,,11,54.5,27.3,18.2,0.0,0.0,0.0,0.0,0.0,0.0,0.0,0.0,Clackmannanshire ADP,
391,2021/22Q3,S08000019,,Alcohol,,10,50.0,10.0,10.0,10.0,0.0,0.0,10.0,10.0,0.0,0.0,0.0,Clackmannanshire ADP,
392,2020/21Q3,S08000019,,All,d,15,73.3,20.0,6.7,0.0,0.0,0.0,0.0,0.0,0.0,0.0,0.0,Clackmannanshire ADP,
393,2020/21Q4,S08000019,,All,d,27,63.0,37.0,0.0,0.0,0.0,0.0,0.0,0.0,0.0,0.0,0.0,Clackmannanshire ADP,
394,2021/22Q1,S08000019,,All,d,31,54.8,32.3,6.5,3.2,3.2,0.0,0.0,0.0,0.0,0.0,0.0,Clackmannanshire ADP,
395,2021/22Q2,S08000019,,All,d,31,51.6,22.6,16.1,0.0,0.0,0.0,6.5,3.2,0.0,0.0,0.0,Clackmannanshire ADP,
396,2021/22Q3,S08000019,,All,d,26,50.0,26.9,3.8,7.7,0.0,0.0,3.8,7.7,0.0,0.0,0.0,Clackmannanshire ADP,
397,2021/22Q1,S08000019,,Co-dependency,,5,40.0,60.0,0.0,0.0,0.0,0.0,0.0,0.0,0.0,0.0,0.0,Clackmannanshire ADP,
398,2021/22Q2,S08000019,,Co-dependency,,3,66.7,33.3,0.0,0.0,0.0,0.0,0.0,0.0,0.0,0.0,0.0,Clackmannanshire ADP,
399,2021/22Q3,S08000019,,Co-dependency,,4,25.0,50.0,0.0,0.0,0.0,0.0,0.0,25.0,0.0,0.0,0.0,Clackmannanshire ADP,
400,2020/21Q3,S08000019,,Drug,,8,87.5,12.5,0.0,0.0,0.0,0.0,0.0,0.0,0.0,0.0,0.0,Clackmannanshire ADP,
401,2020/21Q4,S08000019,,Drug,,14,57.1,42.9,0.0,0.0,0.0,0.0,0.0,0.0,0.0,0.0,0.0,Clackmannanshire ADP,
402,2021/22Q1,S08000019,,Drug,,17,64.7,17.6,5.9,5.9,5.9,0.0,0.0,0.0,0.0,0.0,0.0,Clackmannanshire ADP,
403,2021/22Q2,S08000019,,Drug,,17,47.1,17.6,17.6,0.0,0.0,0.0,11.8,5.9,0.0,0.0,0.0,Clackmannanshire ADP,
404,2021/22Q3,S08000019,,Drug,,12,58.3,33.3,0.0,8.3,0.0,0.0,0.0,0.0,0.0,0.0,0.0,Clackmannanshire ADP,
405,2020/21Q3,S08000019,,Alcohol,,18,33.3,50.0,0.0,0.0,11.1,0.0,0.0,0.0,5.6,0.0,0.0,Falkirk ADP,
406,2020/21Q4,S08000019,,Alcohol,,39,48.7,23.1,12.8,0.0,2.6,2.6,5.1,5.1,0.0,0.0,0.0,Falkirk ADP,
407,2021/22Q1,S08000019,,Alcohol,,70,35.7,28.6,12.9,1.4,4.3,5.7,1.4,7.1,2.9,0.0,0.0,Falkirk ADP,
408,2021/22Q2,S08000019,,Alcohol,,67,49.3,17.9,4.5,4.5,0.0,0.0,7.5,6.0,10.4,0.0,0.0,Falkirk ADP,
409,2021/22Q3,S08000019,,Alcohol,,43,37.2,20.9,14.0,7.0,0.0,2.3,4.7,7.0,7.0,0.0,0.0,Falkirk ADP,
410,2020/21Q3,S08000019,,All,d,35,42.9,42.9,0.0,0.0,8.6,0.0,2.9,0.0,2.9,0.0,0.0,Falkirk ADP,
411,2020/21Q4,S08000019,,All,d,68,51.5,27.9,10.3,0.0,1.5,1.5,4.4,2.9,0.0,0.0,0.0,Falkirk ADP,
412,2021/22Q1,S08000019,,All,d,106,41.5,29.2,9.4,0.9,2.8,4.7,1.9,7.5,1.9,0.0,0.0,Falkirk ADP,
413,2021/22Q2,S08000019,,All,d,104,51.9,23.1,3.8,3.8,0.0,0.0,5.8,4.8,6.7,0.0,0.0,Falkirk ADP,
414,2021/22Q3,S08000019,,All,d,81,38.3,28.4,12.3,3.7,0.0,1.2,3.7,4.9,7.4,0.0,0.0,Falkirk ADP,
415,2021/22Q1,S08000019,,Co-dependency,,12,50.0,33.3,0.0,0.0,0.0,0.0,8.3,8.3,0.0,0.0,0.0,Falkirk ADP,
416,2021/22Q2,S08000019,,Co-dependency,,14,57.1,35.7,0.0,7.1,0.0,0.0,0.0,0.0,0.0,0.0,0.0,Falkirk ADP,
417,2021/22Q3,S08000019,,Co-dependency,,15,40.0,33.3,0.0,0.0,0.0,0.0,6.7,6.7,13.3,0.0,0.0,Falkirk ADP,
418,2020/21Q3,S08000019,,Drug,,17,52.9,35.3,0.0,0.0,5.9,0.0,5.9,0.0,0.0,0.0,0.0,Falkirk ADP,
419,2020/21Q4,S08000019,,Drug,,29,55.2,34.5,6.9,0.0,0.0,0.0,3.4,0.0,0.0,0.0,0.0,Falkirk ADP,
420,2021/22Q1,S08000019,,Drug,,24,54.2,29.2,4.2,0.0,0.0,4.2,0.0,8.3,0.0,0.0,0.0,Falkirk ADP,
421,2021/22Q2,S08000019,,Drug,,23,56.5,30.4,4.3,0.0,0.0,0.0,4.3,4.3,0.0,0.0,0.0,Falkirk ADP,
422,2021/22Q3,S08000019,,Drug,,23,39.1,39.1,17.4,0.0,0.0,0.0,0.0,0.0,4.3,0.0,0.0,Falkirk ADP,
423,2020/21Q3,S08000019,,Alcohol,,7,14.3,71.4,14.3,0.0,0.0,0.0,0.0,0.0,0.0,0.0,0.0,Stirling ADP,
424,2020/21Q4,S08000019,,Alcohol,,11,54.5,27.3,9.1,9.1,0.0,0.0,0.0,0.0,0.0,0.0,0.0,Stirling ADP,
425,2021/22Q1,S08000019,,Alcohol,,22,45.5,22.7,13.6,13.6,4.5,0.0,0.0,0.0,0.0,0.0,0.0,Stirling ADP,
426,2021/22Q2,S08000019,,Alcohol,,28,28.6,25.0,14.3,3.6,7.1,3.6,10.7,7.1,0.0,0.0,0.0,Stirling ADP,
427,2021/22Q3,S08000019,,Alcohol,,18,38.9,27.8,0.0,5.6,0.0,16.7,0.0,5.6,5.6,0.0,0.0,Stirling ADP,
428,2020/21Q3,S08000019,,All,d,16,56.2,37.5,6.2,0.0,0.0,0.0,0.0,0.0,0.0,0.0,0.0,Stirling ADP,
429,2020/21Q4,S08000019,,All,d,25,44.0,40.0,8.0,4.0,4.0,0.0,0.0,0.0,0.0,0.0,0.0,Stirling ADP,
430,2021/22Q1,S08000019,,All,d,53,54.7,26.4,5.7,7.5,1.9,1.9,0.0,1.9,0.0,0.0,0.0,Stirling ADP,
431,2021/22Q2,S08000019,,All,d,53,32.1,24.5,15.1,3.8,5.7,1.9,9.4,7.5,0.0,0.0,0.0,Stirling ADP,
432,2021/22Q3,S08000019,,All,d,36,33.3,30.6,8.3,2.8,0.0,8.3,8.3,2.8,2.8,2.8,0.0,Stirling ADP,
433,2021/22Q1,S08000019,,Co-dependency,,9,77.8,22.2,0.0,0.0,0.0,0.0,0.0,0.0,0.0,0.0,0.0,Stirling ADP,
434,2021/22Q2,S08000019,,Co-dependency,,6,66.7,0.0,0.0,16.7,0.0,0.0,0.0,16.7,0.0,0.0,0.0,Stirling ADP,
435,2021/22Q3,S08000019,,Co-dependency,,1,0.0,0.0,0.0,0.0,0.0,0.0,100.0,0.0,0.0,0.0,0.0,Stirling ADP,
436,2020/21Q3,S08000019,,Drug,,9,88.9,11.1,0.0,0.0,0.0,0.0,0.0,0.0,0.0,0.0,0.0,Stirling ADP,
437,2020/21Q4,S08000019,,Drug,,14,35.7,50.0,7.1,0.0,7.1,0.0,0.0,0.0,0.0,0.0,0.0,Stirling ADP,
438,2021/22Q1,S08000019,,Drug,,22,54.5,31.8,0.0,4.5,0.0,4.5,0.0,4.5,0.0,0.0,0.0,Stirling ADP,
439,2021/22Q2,S08000019,,Drug,,19,26.3,31.6,21.1,0.0,5.3,0.0,10.5,5.3,0.0,0.0,0.0,Stirling ADP,
440,2021/22Q3,S08000019,,Drug,,17,29.4,35.3,17.6,0.0,0.0,0.0,11.8,0.0,0.0,5.9,0.0,Stirling ADP,
441,2020/21Q3,S08000020,,Alcohol,,27,14.8,55.6,22.2,3.7,0.0,3.7,0.0,0.0,0.0,0.0,0.0,Aberdeen City ADP,
442,2020/21Q4,S08000020,,Alcohol,,31,67.7,22.6,9.7,0.0,0.0,0.0,0.0,0.0,0.0,0.0,0.0,Aberdeen City ADP,
443,2021/22Q1,S08000020,,Alcohol,,35,45.7,34.3,11.4,5.7,0.0,0.0,0.0,2.9,0.0,0.0,0.0,Aberdeen City ADP,
444,2021/22Q2,S08000020,,Alcohol,,35,51.4,28.6,14.3,2.9,0.0,2.9,0.0,0.0,0.0,0.0,0.0,Aberdeen City ADP,
445,2021/22Q3,S08000020,,Alcohol,,38,28.9,42.1,23.7,2.6,0.0,2.6,0.0,0.0,0.0,0.0,0.0,Aberdeen City ADP,
446,2020/21Q3,S08000020,,All,d,51,29.4,45.1,13.7,7.8,2.0,2.0,0.0,0.0,0.0,0.0,0.0,Aberdeen City ADP,
447,2020/21Q4,S08000020,,All,d,52,63.5,25.0,9.6,0.0,0.0,0.0,0.0,0.0,0.0,1.9,0.0,Aberdeen City ADP,
448,2021/22Q1,S08000020,,All,d,65,46.2,27.7,10.8,4.6,0.0,0.0,7.7,1.5,1.5,0.0,0.0,Aberdeen City ADP,
449,2021/22Q2,S08000020,,All,d,58,53.4,22.4,17.2,1.7,0.0,1.7,0.0,1.7,0.0,0.0,1.7,Aberdeen City ADP,
450,2021/22Q3,S08000020,,All,d,64,42.2,37.5,15.6,1.6,1.6,1.6,0.0,0.0,0.0,0.0,0.0,Aberdeen City ADP,
451,2020/21Q3,S08000020,,Co-dependency,,2,0.0,100.0,0.0,0.0,0.0,0.0,0.0,0.0,0.0,0.0,0.0,Aberdeen City ADP,
452,2020/21Q4,S08000020,,Co-dependency,,3,100.0,0.0,0.0,0.0,0.0,0.0,0.0,0.0,0.0,0.0,0.0,Aberdeen City ADP,
453,2020/21Q3,S08000020,,Drug,,22,50.0,27.3,4.5,13.6,4.5,0.0,0.0,0.0,0.0,0.0,0.0,Aberdeen City ADP,
454,2020/21Q4,S08000020,,Drug,,18,50.0,33.3,11.1,0.0,0.0,0.0,0.0,0.0,0.0,5.6,0.0,Aberdeen City ADP,
455,2021/22Q1,S08000020,,Drug,,30,46.7,20.0,10.0,3.3,0.0,0.0,16.7,0.0,3.3,0.0,0.0,Aberdeen City ADP,
456,2021/22Q2,S08000020,,Drug,,23,56.5,13.0,21.7,0.0,0.0,0.0,0.0,4.3,0.0,0.0,4.3,Aberdeen City ADP,
457,2021/22Q3,S08000020,,Drug,,26,61.5,30.8,3.8,0.0,3.8,0.0,0.0,0.0,0.0,0.0,0.0,Aberdeen City ADP,
458,2020/21Q3,S08000020,,Alcohol,,28,28.6,14.3,35.7,0.0,7.1,0.0,7.1,0.0,3.6,0.0,3.6,Aberdeenshire ADP,
459,2020/21Q4,S08000020,,Alcohol,,22,45.5,27.3,4.5,4.5,0.0,0.0,4.5,13.6,0.0,0.0,0.0,Aberdeenshire ADP,
460,2021/22Q1,S08000020,,Alcohol,,33,63.6,24.2,6.1,3.0,0.0,0.0,3.0,0.0,0.0,0.0,0.0,Aberdeenshire ADP,
461,2021/22Q2,S08000020,,Alcohol,,45,77.8,6.7,8.9,4.4,0.0,2.2,0.0,0.0,0.0,0.0,0.0,Aberdeenshire ADP,
462,2021/22Q3,S08000020,,Alcohol,,32,59.4,21.9,12.5,3.1,3.1,0.0,0.0,0.0,0.0,0.0,0.0,Aberdeenshire ADP,
463,2020/21Q3,S08000020,,All,d,55,25.5,16.4,23.6,5.5,16.4,0.0,5.5,3.6,1.8,0.0,1.8,Aberdeenshire ADP,
464,2020/21Q4,S08000020,,All,d,52,51.9,17.3,7.7,7.7,0.0,1.9,3.8,7.7,1.9,0.0,0.0,Aberdeenshire ADP,
465,2021/22Q1,S08000020,,All,d,71,62.0,25.4,4.2,4.2,1.4,0.0,2.8,0.0,0.0,0.0,0.0,Aberdeenshire ADP,
466,2021/22Q2,S08000020,,All,d,91,60.4,18.7,11.0,6.6,1.1,1.1,0.0,0.0,1.1,0.0,0.0,Aberdeenshire ADP,
467,2021/22Q3,S08000020,,All,d,79,48.1,19.0,19.0,10.1,3.8,0.0,0.0,0.0,0.0,0.0,0.0,Aberdeenshire ADP,
468,2020/21Q3,S08000020,,Co-dependency,,4,25.0,25.0,25.0,0.0,25.0,0.0,0.0,0.0,0.0,0.0,0.0,Aberdeenshire ADP,
469,2020/21Q4,S08000020,,Co-dependency,,3,33.3,0.0,33.3,0.0,0.0,0.0,0.0,0.0,33.3,0.0,0.0,Aberdeenshire ADP,
470,2021/22Q1,S08000020,,Co-dependency,,9,66.7,33.3,0.0,0.0,0.0,0.0,0.0,0.0,0.0,0.0,0.0,Aberdeenshire ADP,
471,2021/22Q2,S08000020,,Co-dependency,,10,40.0,30.0,10.0,10.0,0.0,0.0,0.0,0.0,10.0,0.0,0.0,Aberdeenshire ADP,
472,2021/22Q3,S08000020,,Co-dependency,,8,37.5,12.5,25.0,25.0,0.0,0.0,0.0,0.0,0.0,0.0,0.0,Aberdeenshire ADP,
473,2020/21Q3,S08000020,,Drug,,23,21.7,17.4,8.7,13.0,26.1,0.0,4.3,8.7,0.0,0.0,0.0,Aberdeenshire ADP,
474,2020/21Q4,S08000020,,Drug,,27,59.3,11.1,7.4,11.1,0.0,3.7,3.7,3.7,0.0,0.0,0.0,Aberdeenshire ADP,
475,2021/22Q1,S08000020,,Drug,,29,58.6,24.1,3.4,6.9,3.4,0.0,3.4,0.0,0.0,0.0,0.0,Aberdeenshire ADP,
476,2021/22Q2,S08000020,,Drug,,36,44.4,30.6,13.9,8.3,2.8,0.0,0.0,0.0,0.0,0.0,0.0,Aberdeenshire ADP,
477,2021/22Q3,S08000020,,Drug,,39,41.0,17.9,23.1,12.8,5.1,0.0,0.0,0.0,0.0,0.0,0.0,Aberdeenshire ADP,
478,2020/21Q3,S08000020,,Alcohol,,16,75.0,18.8,0.0,0.0,0.0,0.0,0.0,0.0,0.0,0.0,6.2,Moray ADP,
479,2020/21Q4,S08000020,,Alcohol,,17,64.7,29.4,0.0,0.0,0.0,0.0,0.0,0.0,0.0,0.0,5.9,Moray ADP,
480,2021/22Q1,S08000020,,Alcohol,,26,65.4,23.1,3.8,3.8,3.8,0.0,0.0,0.0,0.0,0.0,0.0,Moray ADP,
481,2021/22Q2,S08000020,,Alcohol,,21,76.2,19.0,0.0,0.0,4.8,0.0,0.0,0.0,0.0,0.0,0.0,Moray ADP,
482,2021/22Q3,S08000020,,Alcohol,,12,50.0,25.0,25.0,0.0,0.0,0.0,0.0,0.0,0.0,0.0,0.0,Moray ADP,
483,2020/21Q3,S08000020,,All,d,28,57.1,28.6,7.1,3.6,0.0,0.0,0.0,0.0,0.0,0.0,3.6,Moray ADP,
484,2020/21Q4,S08000020,,All,d,32,71.9,18.8,0.0,0.0,0.0,0.0,0.0,0.0,6.2,0.0,3.1,Moray ADP,
485,2021/22Q1,S08000020,,All,d,37,67.6,18.9,2.7,2.7,2.7,0.0,0.0,0.0,0.0,0.0,5.4,Moray ADP,
486,2021/22Q2,S08000020,,All,d,36,72.2,16.7,0.0,0.0,5.6,0.0,0.0,0.0,0.0,0.0,5.6,Moray ADP,
487,2021/22Q3,S08000020,,All,d,26,53.8,23.1,11.5,0.0,0.0,0.0,3.8,0.0,0.0,0.0,7.7,Moray ADP,
488,2020/21Q3,S08000020,,Co-dependency,,5,40.0,60.0,0.0,0.0,0.0,0.0,0.0,0.0,0.0,0.0,0.0,Moray ADP,
489,2020/21Q4,S08000020,,Co-dependency,,4,100.0,0.0,0.0,0.0,0.0,0.0,0.0,0.0,0.0,0.0,0.0,Moray ADP,
490,2021/22Q1,S08000020,,Co-dependency,,4,75.0,25.0,0.0,0.0,0.0,0.0,0.0,0.0,0.0,0.0,0.0,Moray ADP,
491,2021/22Q2,S08000020,,Co-dependency,,4,100.0,0.0,0.0,0.0,0.0,0.0,0.0,0.0,0.0,0.0,0.0,Moray ADP,
492,2021/22Q3,S08000020,,Co-dependency,,4,75.0,25.0,0.0,0.0,0.0,0.0,0.0,0.0,0.0,0.0,0.0,Moray ADP,
493,2020/21Q3,S08000020,,Drug,,7,28.6,28.6,28.6,14.3,0.0,0.0,0.0,0.0,0.0,0.0,0.0,Moray ADP,
494,2020/21Q4,S08000020,,Drug,,11,72.7,9.1,0.0,0.0,0.0,0.0,0.0,0.0,18.2,0.0,0.0,Moray ADP,
495,2021/22Q1,S08000020,,Drug,,7,71.4,0.0,0.0,0.0,0.0,0.0,0.0,0.0,0.0,0.0,28.6,Moray ADP,
496,2021/22Q2,S08000020,,Drug,,11,54.5,18.2,0.0,0.0,9.1,0.0,0.0,0.0,0.0,0.0,18.2,Moray ADP,
497,2021/22Q3,S08000020,,Drug,,10,50.0,20.0,0.0,0.0,0.0,0.0,10.0,0.0,0.0,0.0,20.0,Moray ADP,
498,2020/21Q3,S08000031,,Alcohol,,90,57.8,30.0,11.1,0.0,0.0,0.0,0.0,0.0,0.0,0.0,1.1,City of Glasgow ADP,
499,2020/21Q4,S08000031,,Alcohol,,107,71.0,20.6,4.7,2.8,0.9,0.0,0.0,0.0,0.0,0.0,0.0,City of Glasgow ADP,
500,2021/22Q1,S08000031,,Alcohol,,121,42.1,24.8,12.4,6.6,2.5,0.8,0.8,3.3,6.6,0.0,0.0,City of Glasgow ADP,
501,2021/22Q2,S08000031,,Alcohol,,98,44.9,17.3,13.3,5.1,3.1,1.0,3.1,1.0,1.0,0.0,10.2,City of Glasgow ADP,
502,2021/22Q3,S08000031,,Alcohol,,68,25.0,26.5,16.2,10.3,1.5,2.9,0.0,0.0,1.5,4.4,11.8,City of Glasgow ADP,
503,2020/21Q3,S08000031,,All,d,164,53.0,28.7,11.0,2.4,1.2,1.8,0.0,0.0,0.0,0.0,1.8,City of Glasgow ADP,
504,2020/21Q4,S08000031,,All,d,194,69.1,22.7,4.6,3.1,0.5,0.0,0.0,0.0,0.0,0.0,0.0,City of Glasgow ADP,
505,2021/22Q1,S08000031,,All,d,238,40.3,19.7,13.9,9.2,4.6,2.9,1.7,3.8,3.8,0.0,0.0,City of Glasgow ADP,
506,2021/22Q2,S08000031,,All,d,217,45.2,15.7,12.9,10.1,2.3,3.7,2.8,0.9,1.4,0.0,5.1,City of Glasgow ADP,
507,2021/22Q3,S08000031,,All,d,111,33.3,27.0,12.6,9.0,3.6,1.8,0.0,0.0,2.7,2.7,7.2,City of Glasgow ADP,
508,2021/22Q1,S08000031,,Co-dependency,,41,26.8,17.1,17.1,9.8,12.2,9.8,2.4,2.4,2.4,0.0,0.0,City of Glasgow ADP,
509,2021/22Q2,S08000031,,Co-dependency,,45,37.8,13.3,17.8,13.3,0.0,11.1,2.2,2.2,0.0,0.0,2.2,City of Glasgow ADP,
510,2021/22Q3,S08000031,,Co-dependency,,14,50.0,14.3,14.3,0.0,7.1,0.0,0.0,0.0,14.3,0.0,0.0,City of Glasgow ADP,
511,2020/21Q3,S08000031,,Drug,,74,47.3,27.0,10.8,5.4,2.7,4.1,0.0,0.0,0.0,0.0,2.7,City of Glasgow ADP,
512,2020/21Q4,S08000031,,Drug,,87,66.7,25.3,4.6,3.4,0.0,0.0,0.0,0.0,0.0,0.0,0.0,City of Glasgow ADP,
513,2021/22Q1,S08000031,,Drug,,76,44.7,13.2,14.5,13.2,3.9,2.6,2.6,5.3,0.0,0.0,0.0,City of Glasgow ADP,
514,2021/22Q2,S08000031,,Drug,,74,50.0,14.9,9.5,14.9,2.7,2.7,2.7,0.0,2.7,0.0,0.0,City of Glasgow ADP,
515,2021/22Q3,S08000031,,Drug,,29,44.8,34.5,3.4,10.3,6.9,0.0,0.0,0.0,0.0,0.0,0.0,City of Glasgow ADP,
516,2020/21Q3,S08000031,,Alcohol,,8,62.5,12.5,12.5,0.0,0.0,0.0,12.5,0.0,0.0,0.0,0.0,East Dunbartonshire ADP,
517,2020/21Q4,S08000031,,Alcohol,,26,26.9,30.8,26.9,7.7,0.0,0.0,0.0,7.7,0.0,0.0,0.0,East Dunbartonshire ADP,
518,2021/22Q1,S08000031,,Alcohol,,11,90.9,0.0,0.0,0.0,0.0,0.0,0.0,0.0,9.1,0.0,0.0,East Dunbartonshire ADP,
519,2021/22Q2,S08000031,,Alcohol,,19,52.6,26.3,5.3,5.3,10.5,0.0,0.0,0.0,0.0,0.0,0.0,East Dunbartonshire ADP,
520,2021/22Q3,S08000031,,Alcohol,,15,40.0,20.0,20.0,0.0,6.7,6.7,6.7,0.0,0.0,0.0,0.0,East Dunbartonshire ADP,
521,2020/21Q3,S08000031,,All,d,18,44.4,22.2,11.1,0.0,11.1,0.0,5.6,5.6,0.0,0.0,0.0,East Dunbartonshire ADP,
522,2020/21Q4,S08000031,,All,d,36,27.8,25.0,27.8,5.6,0.0,8.3,0.0,5.6,0.0,0.0,0.0,East Dunbartonshire ADP,
523,2021/22Q1,S08000031,,All,d,22,81.8,4.5,4.5,4.5,0.0,0.0,0.0,0.0,4.5,0.0,0.0,East Dunbartonshire ADP,
524,2021/22Q2,S08000031,,All,d,29,48.3,27.6,10.3,3.4,6.9,3.4,0.0,0.0,0.0,0.0,0.0,East Dunbartonshire ADP,
525,2021/22Q3,S08000031,,All,d,24,29.2,37.5,12.5,0.0,12.5,4.2,4.2,0.0,0.0,0.0,0.0,East Dunbartonshire ADP,
526,2021/22Q1,S08000031,,Co-dependency,,3,100.0,0.0,0.0,0.0,0.0,0.0,0.0,0.0,0.0,0.0,0.0,East Dunbartonshire ADP,
527,2021/22Q2,S08000031,,Co-dependency,,6,33.3,33.3,16.7,0.0,0.0,16.7,0.0,0.0,0.0,0.0,0.0,East Dunbartonshire ADP,
528,2021/22Q3,S08000031,,Co-dependency,,7,0.0,71.4,0.0,0.0,28.6,0.0,0.0,0.0,0.0,0.0,0.0,East Dunbartonshire ADP,
529,2020/21Q3,S08000031,,Drug,,10,30.0,30.0,10.0,0.0,20.0,0.0,0.0,10.0,0.0,0.0,0.0,East Dunbartonshire ADP,
530,2020/21Q4,S08000031,,Drug,,10,30.0,10.0,30.0,0.0,0.0,30.0,0.0,0.0,0.0,0.0,0.0,East Dunbartonshire ADP,
531,2021/22Q1,S08000031,,Drug,,8,62.5,12.5,12.5,12.5,0.0,0.0,0.0,0.0,0.0,0.0,0.0,East Dunbartonshire ADP,
532,2021/22Q2,S08000031,,Drug,,4,50.0,25.0,25.0,0.0,0.0,0.0,0.0,0.0,0.0,0.0,0.0,East Dunbartonshire ADP,
533,2021/22Q3,S08000031,,Drug,,2,50.0,50.0,0.0,0.0,0.0,0.0,0.0,0.0,0.0,0.0,0.0,East Dunbartonshire ADP,
534,2020/21Q3,S08000031,,Alcohol,,14,7.1,71.4,14.3,7.1,0.0,0.0,0.0,0.0,0.0,0.0,0.0,East Renfrewshire ADP,
535,2020/21Q4,S08000031,,Alcohol,,9,66.7,33.3,0.0,0.0,0.0,0.0,0.0,0.0,0.0,0.0,0.0,East Renfrewshire ADP,
536,2021/22Q1,S08000031,,Alcohol,,14,85.7,14.3,0.0,0.0,0.0,0.0,0.0,0.0,0.0,0.0,0.0,East Renfrewshire ADP,
537,2021/22Q2,S08000031,,Alcohol,,8,50.0,37.5,12.5,0.0,0.0,0.0,0.0,0.0,0.0,0.0,0.0,East Renfrewshire ADP,
538,2021/22Q3,S08000031,,Alcohol,,19,10.5,47.4,31.6,5.3,5.3,0.0,0.0,0.0,0.0,0.0,0.0,East Renfrewshire ADP,
539,2020/21Q3,S08000031,,All,d,18,11.1,66.7,11.1,5.6,0.0,0.0,0.0,0.0,0.0,0.0,5.6,East Renfrewshire ADP,
540,2020/21Q4,S08000031,,All,d,14,71.4,28.6,0.0,0.0,0.0,0.0,0.0,0.0,0.0,0.0,0.0,East Renfrewshire ADP,
541,2021/22Q1,S08000031,,All,d,22,86.4,9.1,0.0,0.0,0.0,0.0,4.5,0.0,0.0,0.0,0.0,East Renfrewshire ADP,
542,2021/22Q2,S08000031,,All,d,17,58.8,35.3,5.9,0.0,0.0,0.0,0.0,0.0,0.0,0.0,0.0,East Renfrewshire ADP,
543,2021/22Q3,S08000031,,All,d,28,17.9,39.3,35.7,3.6,3.6,0.0,0.0,0.0,0.0,0.0,0.0,East Renfrewshire ADP,
544,2021/22Q1,S08000031,,Co-dependency,,4,75.0,0.0,0.0,0.0,0.0,0.0,25.0,0.0,0.0,0.0,0.0,East Renfrewshire ADP,
545,2021/22Q2,S08000031,,Co-dependency,,2,100.0,0.0,0.0,0.0,0.0,0.0,0.0,0.0,0.0,0.0,0.0,East Renfrewshire ADP,
546,2021/22Q3,S08000031,,Co-dependency,,6,33.3,16.7,50.0,0.0,0.0,0.0,0.0,0.0,0.0,0.0,0.0,East Renfrewshire ADP,
547,2020/21Q3,S08000031,,Drug,,4,25.0,50.0,0.0,0.0,0.0,0.0,0.0,0.0,0.0,0.0,25.0,East Renfrewshire ADP,
548,2020/21Q4,S08000031,,Drug,,5,80.0,20.0,0.0,0.0,0.0,0.0,0.0,0.0,0.0,0.0,0.0,East Renfrewshire ADP,
549,2021/22Q1,S08000031,,Drug,,4,100.0,0.0,0.0,0.0,0.0,0.0,0.0,0.0,0.0,0.0,0.0,East Renfrewshire ADP,
550,2021/22Q2,S08000031,,Drug,,7,57.1,42.9,0.0,0.0,0.0,0.0,0.0,0.0,0.0,0.0,0.0,East Renfrewshire ADP,
551,2021/22Q3,S08000031,,Drug,,3,33.3,33.3,33.3,0.0,0.0,0.0,0.0,0.0,0.0,0.0,0.0,East Renfrewshire ADP,
552,2020/21Q3,S08000031,,Alcohol,,23,21.7,47.8,26.1,4.3,0.0,0.0,0.0,0.0,0.0,0.0,0.0,Inverclyde ADP,
553,2020/21Q4,S08000031,,Alcohol,,13,69.2,7.7,15.4,7.7,0.0,0.0,0.0,0.0,0.0,0.0,0.0,Inverclyde ADP,
554,2021/22Q1,S08000031,,Alcohol,,20,60.0,20.0,0.0,5.0,10.0,0.0,0.0,0.0,5.0,0.0,0.0,Inverclyde ADP,
555,2021/22Q2,S08000031,,Alcohol,,23,34.8,56.5,8.7,0.0,0.0,0.0,0.0,0.0,0.0,0.0,0.0,Inverclyde ADP,
556,2021/22Q3,S08000031,,Alcohol,,17,23.5,41.2,29.4,5.9,0.0,0.0,0.0,0.0,0.0,0.0,0.0,Inverclyde ADP,
557,2020/21Q3,S08000031,,All,d,33,15.2,60.6,21.2,3.0,0.0,0.0,0.0,0.0,0.0,0.0,0.0,Inverclyde ADP,
558,2020/21Q4,S08000031,,All,d,23,73.9,8.7,8.7,8.7,0.0,0.0,0.0,0.0,0.0,0.0,0.0,Inverclyde ADP,
559,2021/22Q1,S08000031,,All,d,29,62.1,24.1,0.0,3.4,6.9,0.0,0.0,0.0,3.4,0.0,0.0,Inverclyde ADP,
560,2021/22Q2,S08000031,,All,d,44,45.5,47.7,4.5,0.0,0.0,0.0,0.0,0.0,2.3,0.0,0.0,Inverclyde ADP,
561,2021/22Q3,S08000031,,All,d,42,28.6,40.5,28.6,2.4,0.0,0.0,0.0,0.0,0.0,0.0,0.0,Inverclyde ADP,
562,2021/22Q2,S08000031,,Co-dependency,,5,80.0,20.0,0.0,0.0,0.0,0.0,0.0,0.0,0.0,0.0,0.0,Inverclyde ADP,
563,2021/22Q3,S08000031,,Co-dependency,,1,0.0,0.0,100.0,0.0,0.0,0.0,0.0,0.0,0.0,0.0,0.0,Inverclyde ADP,
564,2020/21Q3,S08000031,,Drug,,10,0.0,90.0,10.0,0.0,0.0,0.0,0.0,0.0,0.0,0.0,0.0,Inverclyde ADP,
565,2020/21Q4,S08000031,,Drug,,10,80.0,10.0,0.0,10.0,0.0,0.0,0.0,0.0,0.0,0.0,0.0,Inverclyde ADP,
566,2021/22Q1,S08000031,,Drug,,9,66.7,33.3,0.0,0.0,0.0,0.0,0.0,0.0,0.0,0.0,0.0,Inverclyde ADP,
567,2021/22Q2,S08000031,,Drug,,16,50.0,43.8,0.0,0.0,0.0,0.0,0.0,0.0,6.2,0.0,0.0,Inverclyde ADP,
568,2021/22Q3,S08000031,,Drug,,24,33.3,41.7,25.0,0.0,0.0,0.0,0.0,0.0,0.0,0.0,0.0,Inverclyde ADP,
569,2020/21Q3,S08000031,,Alcohol,,47,51.1,6.4,0.0,0.0,0.0,0.0,0.0,0.0,2.1,10.6,29.8,Renfrewshire ADP,
570,2020/21Q4,S08000031,,Alcohol,,69,44.9,13.0,5.8,0.0,1.4,1.4,4.3,2.9,0.0,0.0,26.1,Renfrewshire ADP,
571,2021/22Q1,S08000031,,Alcohol,,99,12.1,14.1,5.1,2.0,1.0,4.0,17.2,17.2,2.0,3.0,22.2,Renfrewshire ADP,
572,2021/22Q2,S08000031,,Alcohol,,128,12.5,9.4,3.1,6.2,2.3,8.6,3.9,3.1,2.3,4.7,43.8,Renfrewshire ADP,
573,2021/22Q3,S08000031,,Alcohol,,112,8.0,12.5,5.4,0.0,0.9,1.8,0.9,2.7,3.6,4.5,59.8,Renfrewshire ADP,
574,2020/21Q3,S08000031,,All,d,72,50.0,9.7,1.4,0.0,0.0,0.0,0.0,0.0,4.2,6.9,27.8,Renfrewshire ADP,
575,2020/21Q4,S08000031,,All,d,96,50.0,11.5,5.2,0.0,1.0,2.1,3.1,2.1,0.0,0.0,25.0,Renfrewshire ADP,
576,2021/22Q1,S08000031,,All,d,149,10.7,14.1,4.0,3.4,1.3,4.7,17.4,18.1,4.7,2.7,18.8,Renfrewshire ADP,
577,2021/22Q2,S08000031,,All,d,189,12.2,9.5,2.6,4.8,1.6,7.4,5.8,2.6,2.6,5.3,45.5,Renfrewshire ADP,
578,2021/22Q3,S08000031,,All,d,172,5.8,10.5,5.2,2.3,1.7,1.2,0.6,5.2,2.9,4.7,59.9,Renfrewshire ADP,
579,2021/22Q1,S08000031,,Co-dependency,,7,28.6,42.9,0.0,0.0,0.0,0.0,0.0,14.3,14.3,0.0,0.0,Renfrewshire ADP,
580,2021/22Q2,S08000031,,Co-dependency,,10,10.0,20.0,0.0,0.0,0.0,10.0,20.0,0.0,20.0,0.0,20.0,Renfrewshire ADP,
581,2021/22Q3,S08000031,,Co-dependency,,7,0.0,0.0,14.3,0.0,0.0,0.0,0.0,28.6,0.0,0.0,57.1,Renfrewshire ADP,
582,2020/21Q3,S08000031,,Drug,,25,48.0,16.0,4.0,0.0,0.0,0.0,0.0,0.0,8.0,0.0,24.0,Renfrewshire ADP,
583,2020/21Q4,S08000031,,Drug,,27,63.0,7.4,3.7,0.0,0.0,3.7,0.0,0.0,0.0,0.0,22.2,Renfrewshire ADP,
584,2021/22Q1,S08000031,,Drug,,43,4.7,9.3,2.3,7.0,2.3,7.0,20.9,20.9,9.3,2.3,14.0,Renfrewshire ADP,
585,2021/22Q2,S08000031,,Drug,,51,11.8,7.8,2.0,2.0,0.0,3.9,7.8,2.0,0.0,7.8,54.9,Renfrewshire ADP,
586,2021/22Q3,S08000031,,Drug,,53,1.9,7.5,3.8,7.5,3.8,0.0,0.0,7.5,1.9,5.7,60.4,Renfrewshire ADP,
587,2020/21Q3,S08000031,,Alcohol,,25,36.0,48.0,16.0,0.0,0.0,0.0,0.0,0.0,0.0,0.0,0.0,West Dunbartonshire ADP,
588,2020/21Q4,S08000031,,Alcohol,,27,51.9,29.6,14.8,0.0,0.0,3.7,0.0,0.0,0.0,0.0,0.0,West Dunbartonshire ADP,
589,2021/22Q1,S08000031,,Alcohol,,23,69.6,13.0,4.3,0.0,0.0,0.0,0.0,0.0,8.7,4.3,0.0,West Dunbartonshire ADP,
590,2021/22Q2,S08000031,,Alcohol,,35,37.1,31.4,11.4,2.9,2.9,2.9,0.0,2.9,0.0,0.0,8.6,West Dunbartonshire ADP,
591,2021/22Q3,S08000031,,Alcohol,,30,23.3,26.7,26.7,10.0,0.0,0.0,0.0,0.0,0.0,3.3,10.0,West Dunbartonshire ADP,
592,2020/21Q3,S08000031,,All,d,55,34.5,40.0,18.2,0.0,0.0,0.0,0.0,0.0,0.0,1.8,5.5,West Dunbartonshire ADP,
593,2020/21Q4,S08000031,,All,d,48,47.9,25.0,10.4,2.1,0.0,2.1,4.2,0.0,0.0,0.0,8.3,West Dunbartonshire ADP,
594,2021/22Q1,S08000031,,All,d,58,53.4,19.0,8.6,1.7,0.0,0.0,1.7,1.7,3.4,5.2,5.2,West Dunbartonshire ADP,
595,2021/22Q2,S08000031,,All,d,67,41.8,29.9,7.5,1.5,1.5,1.5,0.0,1.5,0.0,1.5,13.4,West Dunbartonshire ADP,
596,2021/22Q3,S08000031,,All,d,58,29.3,25.9,20.7,5.2,0.0,0.0,0.0,0.0,0.0,1.7,17.2,West Dunbartonshire ADP,
597,2021/22Q1,S08000031,,Co-dependency,,12,41.7,33.3,16.7,8.3,0.0,0.0,0.0,0.0,0.0,0.0,0.0,West Dunbartonshire ADP,
598,2021/22Q2,S08000031,,Co-dependency,,11,54.5,36.4,9.1,0.0,0.0,0.0,0.0,0.0,0.0,0.0,0.0,West Dunbartonshire ADP,
599,2021/22Q3,S08000031,,Co-dependency,,3,0.0,66.7,33.3,0.0,0.0,0.0,0.0,0.0,0.0,0.0,0.0,West Dunbartonshire ADP,
600,2020/21Q3,S08000031,,Drug,,30,33.3,33.3,20.0,0.0,0.0,0.0,0.0,0.0,0.0,3.3,10.0,West Dunbartonshire ADP,
601,2020/21Q4,S08000031,,Drug,,21,42.9,19.0,4.8,4.8,0.0,0.0,9.5,0.0,0.0,0.0,19.0,West Dunbartonshire ADP,
602,2021/22Q1,S08000031,,Drug,,23,43.5,17.4,8.7,0.0,0.0,0.0,4.3,4.3,0.0,8.7,13.0,West Dunbartonshire ADP,
603,2021/22Q2,S08000031,,Drug,,21,42.9,23.8,0.0,0.0,0.0,0.0,0.0,0.0,0.0,4.8,28.6,West Dunbartonshire ADP,
604,2021/22Q3,S08000031,,Drug,,25,40.0,20.0,12.0,0.0,0.0,0.0,0.0,0.0,0.0,0.0,28.0,West Dunbartonshire ADP,
605,2020/21Q3,S08000022,,Alcohol,,55,5.5,5.5,7.3,25.5,1.8,5.5,7.3,14.5,5.5,1.8,20.0,Argyll & Bute ADP,
606,2020/21Q4,S08000022,,Alcohol,,43,20.9,9.3,4.7,2.3,2.3,0.0,7.0,14.0,11.6,11.6,16.3,Argyll & Bute ADP,
607,2021/22Q1,S08000022,,Alcohol,,61,11.5,3.3,8.2,8.2,4.9,3.3,4.9,14.8,14.8,0.0,26.2,Argyll & Bute ADP,
608,2021/22Q2,S08000022,,Alcohol,,52,17.3,5.8,9.6,7.7,0.0,5.8,1.9,5.8,1.9,1.9,42.3,Argyll & Bute ADP,
609,2021/22Q3,S08000022,,Alcohol,,55,1.8,16.4,14.5,7.3,1.8,0.0,1.8,5.5,10.9,1.8,38.2,Argyll & Bute ADP,
610,2020/21Q3,S08000022,,All,d,83,7.2,6.0,9.6,19.3,3.6,4.8,7.2,12.0,7.2,2.4,20.5,Argyll & Bute ADP,
611,2020/21Q4,S08000022,,All,d,70,14.3,7.1,7.1,4.3,1.4,0.0,10.0,11.4,14.3,11.4,18.6,Argyll & Bute ADP,
612,2021/22Q1,S08000022,,All,d,100,14.0,6.0,7.0,6.0,5.0,4.0,4.0,12.0,12.0,1.0,29.0,Argyll & Bute ADP,
613,2021/22Q2,S08000022,,All,d,86,15.1,5.8,8.1,9.3,2.3,3.5,1.2,3.5,3.5,3.5,44.2,Argyll & Bute ADP,
614,2021/22Q3,S08000022,,All,d,84,4.8,13.1,13.1,7.1,2.4,0.0,2.4,4.8,8.3,2.4,41.7,Argyll & Bute ADP,
615,2021/22Q1,S08000022,,Co-dependency,,4,75.0,25.0,0.0,0.0,0.0,0.0,0.0,0.0,0.0,0.0,0.0,Argyll & Bute ADP,
616,2021/22Q2,S08000022,,Co-dependency,,3,0.0,0.0,33.3,33.3,33.3,0.0,0.0,0.0,0.0,0.0,0.0,Argyll & Bute ADP,
617,2021/22Q3,S08000022,,Co-dependency,,2,50.0,50.0,0.0,0.0,0.0,0.0,0.0,0.0,0.0,0.0,0.0,Argyll & Bute ADP,
618,2020/21Q3,S08000022,,Drug,,28,10.7,7.1,14.3,7.1,7.1,3.6,7.1,7.1,10.7,3.6,21.4,Argyll & Bute ADP,
619,2020/21Q4,S08000022,,Drug,,27,3.7,3.7,11.1,7.4,0.0,0.0,14.8,7.4,18.5,11.1,22.2,Argyll & Bute ADP,
620,2021/22Q1,S08000022,,Drug,,35,11.4,8.6,5.7,2.9,5.7,5.7,2.9,8.6,8.6,2.9,37.1,Argyll & Bute ADP,
621,2021/22Q2,S08000022,,Drug,,31,12.9,6.5,3.2,9.7,3.2,0.0,0.0,0.0,6.5,6.5,51.6,Argyll & Bute ADP,
622,2021/22Q3,S08000022,,Drug,,27,7.4,3.7,11.1,7.4,3.7,0.0,3.7,3.7,3.7,3.7,51.9,Argyll & Bute ADP,
623,2020/21Q3,S08000022,,Alcohol,,63,17.5,23.8,19.0,12.7,3.2,4.8,1.6,4.8,0.0,3.2,9.5,Highland ADP,
624,2020/21Q4,S08000022,,Alcohol,,61,18.0,13.1,14.8,13.1,3.3,6.6,3.3,4.9,8.2,4.9,9.8,Highland ADP,
625,2021/22Q1,S08000022,,Alcohol,,111,19.8,5.4,2.7,2.7,3.6,4.5,4.5,10.8,26.1,7.2,12.6,Highland ADP,
626,2021/22Q2,S08000022,,Alcohol,,163,10.4,9.2,6.1,1.2,5.5,4.3,7.4,9.8,6.7,6.7,32.5,Highland ADP,
627,2021/22Q3,S08000022,,Alcohol,,139,5.8,5.0,7.9,4.3,2.2,1.4,5.0,7.9,11.5,6.5,42.4,Highland ADP,
628,2020/21Q3,S08000022,,All,d,92,20.7,20.7,18.5,12.0,3.3,4.3,5.4,4.3,1.1,3.3,6.5,Highland ADP,
629,2020/21Q4,S08000022,,All,d,110,16.4,13.6,13.6,13.6,3.6,6.4,6.4,4.5,9.1,4.5,8.2,Highland ADP,
630,2021/22Q1,S08000022,,All,d,188,17.6,8.0,3.7,3.2,2.7,4.8,5.9,7.4,27.7,7.4,11.7,Highland ADP,
631,2021/22Q2,S08000022,,All,d,261,10.0,8.8,5.7,3.1,3.4,3.1,7.3,8.4,8.8,6.9,34.5,Highland ADP,
632,2021/22Q3,S08000022,,All,d,216,4.6,6.0,8.8,3.2,2.3,2.3,4.6,7.9,9.7,6.0,44.4,Highland ADP,
633,2021/22Q1,S08000022,,Co-dependency,,8,25.0,12.5,0.0,0.0,12.5,25.0,12.5,0.0,12.5,0.0,0.0,Highland ADP,
634,2021/22Q2,S08000022,,Co-dependency,,22,22.7,9.1,4.5,13.6,0.0,0.0,18.2,9.1,9.1,9.1,4.5,Highland ADP,
635,2021/22Q3,S08000022,,Co-dependency,,18,11.1,5.6,16.7,5.6,0.0,5.6,0.0,5.6,11.1,11.1,27.8,Highland ADP,
636,2020/21Q3,S08000022,,Drug,,29,27.6,13.8,17.2,10.3,3.4,3.4,13.8,3.4,3.4,3.4,0.0,Highland ADP,
637,2020/21Q4,S08000022,,Drug,,49,14.3,14.3,12.2,14.3,4.1,6.1,10.2,4.1,10.2,4.1,6.1,Highland ADP,
638,2021/22Q1,S08000022,,Drug,,69,13.0,11.6,5.8,4.3,0.0,2.9,7.2,2.9,31.9,8.7,11.6,Highland ADP,
639,2021/22Q2,S08000022,,Drug,,76,5.3,7.9,5.3,3.9,0.0,1.3,3.9,5.3,13.2,6.6,47.4,Highland ADP,
640,2021/22Q3,S08000022,,Drug,,59,0.0,8.5,8.5,0.0,3.4,3.4,5.1,8.5,5.1,3.4,54.2,Highland ADP,
641,2020/21Q3,S08000032,,Alcohol,,62,48.4,38.7,12.9,0.0,0.0,0.0,0.0,0.0,0.0,0.0,0.0,North Lanarkshire ADP,
642,2020/21Q4,S08000032,,Alcohol,,96,62.5,30.2,5.2,1.0,1.0,0.0,0.0,0.0,0.0,0.0,0.0,North Lanarkshire ADP,
643,2021/22Q1,S08000032,,Alcohol,,131,58.8,19.1,13.0,4.6,1.5,1.5,0.0,0.8,0.8,0.0,0.0,North Lanarkshire ADP,
644,2021/22Q2,S08000032,,Alcohol,,110,43.6,34.5,18.2,2.7,0.0,0.0,0.9,0.0,0.0,0.0,0.0,North Lanarkshire ADP,
645,2021/22Q3,S08000032,,Alcohol,,111,46.8,37.8,15.3,0.0,0.0,0.0,0.0,0.0,0.0,0.0,0.0,North Lanarkshire ADP,
646,2020/21Q3,S08000032,,All,d,135,47.4,41.5,11.1,0.0,0.0,0.0,0.0,0.0,0.0,0.0,0.0,North Lanarkshire ADP,
647,2020/21Q4,S08000032,,All,d,210,62.4,31.4,4.8,1.0,0.5,0.0,0.0,0.0,0.0,0.0,0.0,North Lanarkshire ADP,
648,2021/22Q1,S08000032,,All,d,260,51.5,26.2,13.5,3.8,1.5,0.8,1.2,0.8,0.4,0.4,0.0,North Lanarkshire ADP,
649,2021/22Q2,S08000032,,All,d,224,41.5,35.7,18.3,2.2,0.9,0.4,0.4,0.0,0.4,0.0,0.0,North Lanarkshire ADP,
650,2021/22Q3,S08000032,,All,d,242,45.5,37.6,15.3,1.2,0.0,0.0,0.0,0.0,0.0,0.4,0.0,North Lanarkshire ADP,
651,2021/22Q1,S08000032,,Co-dependency,,42,45.2,35.7,14.3,0.0,0.0,0.0,4.8,0.0,0.0,0.0,0.0,North Lanarkshire ADP,
652,2021/22Q2,S08000032,,Co-dependency,,58,41.4,41.4,12.1,1.7,3.4,0.0,0.0,0.0,0.0,0.0,0.0,North Lanarkshire ADP,
653,2021/22Q3,S08000032,,Co-dependency,,42,45.2,40.5,14.3,0.0,0.0,0.0,0.0,0.0,0.0,0.0,0.0,North Lanarkshire ADP,
654,2020/21Q3,S08000032,,Drug,,73,46.6,43.8,9.6,0.0,0.0,0.0,0.0,0.0,0.0,0.0,0.0,North Lanarkshire ADP,
655,2020/21Q4,S08000032,,Drug,,114,62.3,32.5,4.4,0.9,0.0,0.0,0.0,0.0,0.0,0.0,0.0,North Lanarkshire ADP,
656,2021/22Q1,S08000032,,Drug,,87,43.7,32.2,13.8,4.6,2.3,0.0,1.1,1.1,0.0,1.1,0.0,North Lanarkshire ADP,
657,2021/22Q2,S08000032,,Drug,,56,37.5,32.1,25.0,1.8,0.0,1.8,0.0,0.0,1.8,0.0,0.0,North Lanarkshire ADP,
658,2021/22Q3,S08000032,,Drug,,89,43.8,36.0,15.7,3.4,0.0,0.0,0.0,0.0,0.0,1.1,0.0,North Lanarkshire ADP,
659,2020/21Q3,S08000032,,Alcohol,,70,44.3,41.4,12.9,1.4,0.0,0.0,0.0,0.0,0.0,0.0,0.0,South Lanarkshire ADP,
660,2020/21Q4,S08000032,,Alcohol,,83,61.4,21.7,15.7,1.2,0.0,0.0,0.0,0.0,0.0,0.0,0.0,South Lanarkshire ADP,
661,2021/22Q1,S08000032,,Alcohol,,75,57.3,32.0,4.0,5.3,0.0,1.3,0.0,0.0,0.0,0.0,0.0,South Lanarkshire ADP,
662,2021/22Q2,S08000032,,Alcohol,,49,46.9,34.7,16.3,2.0,0.0,0.0,0.0,0.0,0.0,0.0,0.0,South Lanarkshire ADP,
663,2021/22Q3,S08000032,,Alcohol,,57,36.8,40.4,19.3,0.0,1.8,0.0,0.0,1.8,0.0,0.0,0.0,South Lanarkshire ADP,
664,2020/21Q3,S08000032,,All,d,123,41.5,39.0,15.4,1.6,1.6,0.0,0.0,0.8,0.0,0.0,0.0,South Lanarkshire ADP,
665,2020/21Q4,S08000032,,All,d,131,61.8,21.4,14.5,1.5,0.0,0.0,0.0,0.0,0.8,0.0,0.0,South Lanarkshire ADP,
666,2021/22Q1,S08000032,,All,d,125,54.4,32.8,8.0,3.2,0.0,0.8,0.0,0.0,0.0,0.0,0.8,South Lanarkshire ADP,
667,2021/22Q2,S08000032,,All,d,101,52.5,31.7,11.9,2.0,0.0,0.0,0.0,1.0,0.0,0.0,1.0,South Lanarkshire ADP,
668,2021/22Q3,S08000032,,All,d,85,40.0,42.4,14.1,0.0,1.2,0.0,0.0,1.2,0.0,0.0,1.2,South Lanarkshire ADP,
669,2021/22Q1,S08000032,,Co-dependency,,19,52.6,47.4,0.0,0.0,0.0,0.0,0.0,0.0,0.0,0.0,0.0,South Lanarkshire ADP,
670,2021/22Q2,S08000032,,Co-dependency,,15,53.3,46.7,0.0,0.0,0.0,0.0,0.0,0.0,0.0,0.0,0.0,South Lanarkshire ADP,
671,2021/22Q3,S08000032,,Co-dependency,,10,40.0,50.0,10.0,0.0,0.0,0.0,0.0,0.0,0.0,0.0,0.0,South Lanarkshire ADP,
672,2020/21Q3,S08000032,,Drug,,53,37.7,35.8,18.9,1.9,3.8,0.0,0.0,1.9,0.0,0.0,0.0,South Lanarkshire ADP,
673,2020/21Q4,S08000032,,Drug,,48,62.5,20.8,12.5,2.1,0.0,0.0,0.0,0.0,2.1,0.0,0.0,South Lanarkshire ADP,
674,2021/22Q1,S08000032,,Drug,,31,48.4,25.8,22.6,0.0,0.0,0.0,0.0,0.0,0.0,0.0,3.2,South Lanarkshire ADP,
675,2021/22Q2,S08000032,,Drug,,37,59.5,21.6,10.8,2.7,0.0,0.0,0.0,2.7,0.0,0.0,2.7,South Lanarkshire ADP,
676,2021/22Q3,S08000032,,Drug,,18,50.0,44.4,0.0,0.0,0.0,0.0,0.0,0.0,0.0,0.0,5.6,South Lanarkshire ADP,
677,2020/21Q3,S08000024,,Alcohol,,5,40.0,20.0,40.0,0.0,0.0,0.0,0.0,0.0,0.0,0.0,0.0,East Lothian ADP,
678,2020/21Q4,S08000024,,Alcohol,,5,60.0,40.0,0.0,0.0,0.0,0.0,0.0,0.0,0.0,0.0,0.0,East Lothian ADP,
679,2021/22Q1,S08000024,,Alcohol,,10,70.0,20.0,0.0,0.0,0.0,0.0,10.0,0.0,0.0,0.0,0.0,East Lothian ADP,
680,2021/22Q2,S08000024,,Alcohol,,14,85.7,14.3,0.0,0.0,0.0,0.0,0.0,0.0,0.0,0.0,0.0,East Lothian ADP,
681,2021/22Q3,S08000024,,Alcohol,,10,40.0,30.0,10.0,10.0,0.0,0.0,0.0,10.0,0.0,0.0,0.0,East Lothian ADP,
682,2020/21Q3,S08000024,,All,d,9,33.3,33.3,33.3,0.0,0.0,0.0,0.0,0.0,0.0,0.0,0.0,East Lothian ADP,
683,2020/21Q4,S08000024,,All,d,9,66.7,33.3,0.0,0.0,0.0,0.0,0.0,0.0,0.0,0.0,0.0,East Lothian ADP,
684,2021/22Q1,S08000024,,All,d,18,50.0,22.2,16.7,5.6,0.0,0.0,5.6,0.0,0.0,0.0,0.0,East Lothian ADP,
685,2021/22Q2,S08000024,,All,d,20,80.0,15.0,5.0,0.0,0.0,0.0,0.0,0.0,0.0,0.0,0.0,East Lothian ADP,
686,2021/22Q3,S08000024,,All,d,17,35.3,23.5,17.6,11.8,0.0,0.0,5.9,5.9,0.0,0.0,0.0,East Lothian ADP,
687,2021/22Q1,S08000024,,Co-dependency,,1,100.0,0.0,0.0,0.0,0.0,0.0,0.0,0.0,0.0,0.0,0.0,East Lothian ADP,
688,2021/22Q3,S08000024,,Co-dependency,,2,0.0,50.0,0.0,50.0,0.0,0.0,0.0,0.0,0.0,0.0,0.0,East Lothian ADP,
689,2020/21Q3,S08000024,,Drug,,4,25.0,50.0,25.0,0.0,0.0,0.0,0.0,0.0,0.0,0.0,0.0,East Lothian ADP,
690,2020/21Q4,S08000024,,Drug,,4,75.0,25.0,0.0,0.0,0.0,0.0,0.0,0.0,0.0,0.0,0.0,East Lothian ADP,
691,2021/22Q1,S08000024,,Drug,,7,14.3,28.6,42.9,14.3,0.0,0.0,0.0,0.0,0.0,0.0,0.0,East Lothian ADP,
692,2021/22Q2,S08000024,,Drug,,6,66.7,16.7,16.7,0.0,0.0,0.0,0.0,0.0,0.0,0.0,0.0,East Lothian ADP,
693,2021/22Q3,S08000024,,Drug,,5,40.0,0.0,40.0,0.0,0.0,0.0,20.0,0.0,0.0,0.0,0.0,East Lothian ADP,
694,2020/21Q3,S08000024,,Alcohol,,18,5.6,16.7,16.7,22.2,16.7,5.6,16.7,0.0,0.0,0.0,0.0,Midlothian ADP,
695,2020/21Q4,S08000024,,Alcohol,,23,43.5,17.4,21.7,8.7,4.3,0.0,0.0,0.0,0.0,4.3,0.0,Midlothian ADP,
696,2021/22Q1,S08000024,,Alcohol,,22,31.8,13.6,18.2,9.1,9.1,4.5,4.5,4.5,4.5,0.0,0.0,Midlothian ADP,
697,2021/22Q2,S08000024,,Alcohol,,41,19.5,4.9,7.3,2.4,14.6,0.0,14.6,24.4,7.3,0.0,4.9,Midlothian ADP,
698,2021/22Q3,S08000024,,Alcohol,,1,100.0,0.0,0.0,0.0,0.0,0.0,0.0,0.0,0.0,0.0,0.0,Midlothian ADP,
699,2020/21Q3,S08000024,,All,d,40,12.5,12.5,12.5,20.0,15.0,15.0,10.0,2.5,0.0,0.0,0.0,Midlothian ADP,
700,2020/21Q4,S08000024,,All,d,40,37.5,22.5,22.5,7.5,2.5,2.5,2.5,0.0,0.0,2.5,0.0,Midlothian ADP,
701,2021/22Q1,S08000024,,All,d,42,35.7,19.0,16.7,7.1,4.8,2.4,2.4,4.8,7.1,0.0,0.0,Midlothian ADP,
702,2021/22Q2,S08000024,,All,d,72,15.3,8.3,9.7,2.8,15.3,2.8,11.1,20.8,8.3,0.0,5.6,Midlothian ADP,
703,2021/22Q3,S08000024,,All,d,4,50.0,50.0,0.0,0.0,0.0,0.0,0.0,0.0,0.0,0.0,0.0,Midlothian ADP,
704,2021/22Q1,S08000024,,Co-dependency,,3,66.7,0.0,0.0,33.3,0.0,0.0,0.0,0.0,0.0,0.0,0.0,Midlothian ADP,
705,2021/22Q2,S08000024,,Co-dependency,,5,20.0,40.0,0.0,0.0,0.0,0.0,0.0,20.0,20.0,0.0,0.0,Midlothian ADP,
706,2021/22Q3,S08000024,,Co-dependency,,1,100.0,0.0,0.0,0.0,0.0,0.0,0.0,0.0,0.0,0.0,0.0,Midlothian ADP,
707,2020/21Q3,S08000024,,Drug,,22,18.2,9.1,9.1,18.2,13.6,22.7,4.5,4.5,0.0,0.0,0.0,Midlothian ADP,
708,2020/21Q4,S08000024,,Drug,,17,29.4,29.4,23.5,5.9,0.0,5.9,5.9,0.0,0.0,0.0,0.0,Midlothian ADP,
709,2021/22Q1,S08000024,,Drug,,17,35.3,29.4,17.6,0.0,0.0,0.0,0.0,5.9,11.8,0.0,0.0,Midlothian ADP,
710,2021/22Q2,S08000024,,Drug,,26,7.7,7.7,15.4,3.8,19.2,7.7,7.7,15.4,7.7,0.0,7.7,Midlothian ADP,
711,2021/22Q3,S08000024,,Drug,,2,0.0,100.0,0.0,0.0,0.0,0.0,0.0,0.0,0.0,0.0,0.0,Midlothian ADP,
712,2020/21Q3,S08000024,,Alcohol,,27,51.9,14.8,25.9,7.4,0.0,0.0,0.0,0.0,0.0,0.0,0.0,West Lothian ADP,
713,2020/21Q4,S08000024,,Alcohol,,35,34.3,42.9,11.4,5.7,2.9,2.9,0.0,0.0,0.0,0.0,0.0,West Lothian ADP,
714,2021/22Q1,S08000024,,Alcohol,,53,43.4,34.0,11.3,5.7,1.9,1.9,1.9,0.0,0.0,0.0,0.0,West Lothian ADP,
715,2021/22Q2,S08000024,,Alcohol,,64,46.9,18.8,18.8,6.2,4.7,1.6,3.1,0.0,0.0,0.0,0.0,West Lothian ADP,
716,2021/22Q3,S08000024,,Alcohol,,35,25.7,40.0,22.9,11.4,0.0,0.0,0.0,0.0,0.0,0.0,0.0,West Lothian ADP,
717,2020/21Q3,S08000024,,All,d,78,57.7,19.2,17.9,2.6,1.3,0.0,0.0,0.0,0.0,0.0,1.3,West Lothian ADP,
718,2020/21Q4,S08000024,,All,d,84,45.2,35.7,11.9,4.8,1.2,1.2,0.0,0.0,0.0,0.0,0.0,West Lothian ADP,
719,2021/22Q1,S08000024,,All,d,119,46.2,33.6,10.1,5.0,1.7,1.7,0.8,0.8,0.0,0.0,0.0,West Lothian ADP,
720,2021/22Q2,S08000024,,All,d,128,45.3,18.8,17.2,7.0,5.5,1.6,2.3,2.3,0.0,0.0,0.0,West Lothian ADP,
721,2021/22Q3,S08000024,,All,d,65,24.6,44.6,20.0,9.2,1.5,0.0,0.0,0.0,0.0,0.0,0.0,West Lothian ADP,
722,2021/22Q1,S08000024,,Co-dependency,,16,43.8,37.5,6.2,6.2,0.0,0.0,0.0,6.2,0.0,0.0,0.0,West Lothian ADP,
723,2021/22Q2,S08000024,,Co-dependency,,13,30.8,23.1,23.1,15.4,7.7,0.0,0.0,0.0,0.0,0.0,0.0,West Lothian ADP,
724,2021/22Q3,S08000024,,Co-dependency,,7,28.6,57.1,0.0,14.3,0.0,0.0,0.0,0.0,0.0,0.0,0.0,West Lothian ADP,
725,2020/21Q3,S08000024,,Drug,,51,60.8,21.6,13.7,0.0,2.0,0.0,0.0,0.0,0.0,0.0,2.0,West Lothian ADP,
726,2020/21Q4,S08000024,,Drug,,49,53.1,30.6,12.2,4.1,0.0,0.0,0.0,0.0,0.0,0.0,0.0,West Lothian ADP,
727,2021/22Q1,S08000024,,Drug,,50,50.0,32.0,10.0,4.0,2.0,2.0,0.0,0.0,0.0,0.0,0.0,West Lothian ADP,
728,2021/22Q2,S08000024,,Drug,,51,47.1,17.6,13.7,5.9,5.9,2.0,2.0,5.9,0.0,0.0,0.0,West Lothian ADP,
729,2021/22Q3,S08000024,,Drug,,23,21.7,47.8,21.7,4.3,4.3,0.0,0.0,0.0,0.0,0.0,0.0,West Lothian ADP,
730,2020/21Q3,S08000030,,Alcohol,,6,16.7,66.7,0.0,0.0,16.7,0.0,0.0,0.0,0.0,0.0,0.0,Angus ADP,
731,2020/21Q4,S08000030,,Alcohol,,7,28.6,28.6,28.6,14.3,0.0,0.0,0.0,0.0,0.0,0.0,0.0,Angus ADP,
732,2021/22Q1,S08000030,,Alcohol,,20,30.0,35.0,30.0,0.0,5.0,0.0,0.0,0.0,0.0,0.0,0.0,Angus ADP,
733,2021/22Q2,S08000030,,Alcohol,,19,42.1,5.3,36.8,0.0,0.0,5.3,10.5,0.0,0.0,0.0,0.0,Angus ADP,
734,2021/22Q3,S08000030,,Alcohol,,22,31.8,50.0,13.6,0.0,0.0,0.0,4.5,0.0,0.0,0.0,0.0,Angus ADP,
735,2020/21Q3,S08000030,,All,d,12,50.0,33.3,0.0,8.3,8.3,0.0,0.0,0.0,0.0,0.0,0.0,Angus ADP,
736,2020/21Q4,S08000030,,All,d,16,56.2,25.0,12.5,6.2,0.0,0.0,0.0,0.0,0.0,0.0,0.0,Angus ADP,
737,2021/22Q1,S08000030,,All,d,34,35.3,35.3,26.5,0.0,2.9,0.0,0.0,0.0,0.0,0.0,0.0,Angus ADP,
738,2021/22Q2,S08000030,,All,d,36,38.9,19.4,22.2,2.8,2.8,8.3,5.6,0.0,0.0,0.0,0.0,Angus ADP,
739,2021/22Q3,S08000030,,All,d,37,37.8,37.8,21.6,0.0,0.0,0.0,2.7,0.0,0.0,0.0,0.0,Angus ADP,
740,2021/22Q1,S08000030,,Co-dependency,,1,0.0,100.0,0.0,0.0,0.0,0.0,0.0,0.0,0.0,0.0,0.0,Angus ADP,
741,2021/22Q1,S08000030,,Co-dependency,,1,0.0,100.0,0.0,0.0,0.0,0.0,0.0,0.0,0.0,0.0,0.0,Perth & Kinross ADP,
742,2021/22Q2,S08000030,,Co-dependency,,3,33.3,33.3,0.0,0.0,33.3,0.0,0.0,0.0,0.0,0.0,0.0,Angus ADP,
743,2021/22Q3,S08000030,,Co-dependency,,5,60.0,0.0,40.0,0.0,0.0,0.0,0.0,0.0,0.0,0.0,0.0,Angus ADP,
744,2020/21Q3,S08000030,,Drug,,6,83.3,0.0,0.0,16.7,0.0,0.0,0.0,0.0,0.0,0.0,0.0,Angus ADP,
745,2020/21Q4,S08000030,,Drug,,9,77.8,22.2,0.0,0.0,0.0,0.0,0.0,0.0,0.0,0.0,0.0,Angus ADP,
746,2021/22Q1,S08000030,,Drug,,13,46.2,30.8,23.1,0.0,0.0,0.0,0.0,0.0,0.0,0.0,0.0,Angus ADP,
747,2021/22Q2,S08000030,,Drug,,14,35.7,35.7,7.1,7.1,0.0,14.3,0.0,0.0,0.0,0.0,0.0,Angus ADP,
748,2021/22Q3,S08000030,,Drug,,10,40.0,30.0,30.0,0.0,0.0,0.0,0.0,0.0,0.0,0.0,0.0,Angus ADP,
749,2020/21Q3,S08000030,,Alcohol,,18,61.1,27.8,5.6,0.0,0.0,0.0,0.0,0.0,0.0,0.0,5.6,Dundee City ADP,
750,2020/21Q4,S08000030,,Alcohol,,25,40.0,44.0,16.0,0.0,0.0,0.0,0.0,0.0,0.0,0.0,0.0,Dundee City ADP,
751,2021/22Q1,S08000030,,Alcohol,,68,11.8,4.4,5.9,11.8,14.7,19.1,16.2,14.7,1.5,0.0,0.0,Dundee City ADP,
752,2021/22Q2,S08000030,,Alcohol,,118,5.1,7.6,5.9,5.9,6.8,9.3,8.5,21.2,17.8,9.3,2.5,Dundee City ADP,
753,2021/22Q3,S08000030,,Alcohol,,128,3.9,10.2,7.8,5.5,5.5,6.2,10.2,19.5,15.6,2.3,13.3,Dundee City ADP,
754,2020/21Q3,S08000030,,All,d,37,51.4,24.3,10.8,8.1,0.0,0.0,2.7,0.0,0.0,0.0,2.7,Dundee City ADP,
755,2020/21Q4,S08000030,,All,d,44,40.9,40.9,15.9,2.3,0.0,0.0,0.0,0.0,0.0,0.0,0.0,Dundee City ADP,
756,2021/22Q1,S08000030,,All,d,140,15.7,8.6,4.3,7.9,11.4,15.7,14.3,20.0,2.1,0.0,0.0,Dundee City ADP,
757,2021/22Q2,S08000030,,All,d,203,5.9,7.9,5.4,6.4,4.4,6.4,8.4,20.7,16.3,12.8,5.4,Dundee City ADP,
758,2021/22Q3,S08000030,,All,d,222,4.1,10.8,9.0,5.9,4.1,5.9,8.1,18.5,13.1,4.5,16.2,Dundee City ADP,
759,2021/22Q1,S08000030,,Co-dependency,,1,0.0,0.0,0.0,0.0,0.0,0.0,100.0,0.0,0.0,0.0,0.0,Dundee City ADP,
760,2021/22Q2,S08000030,,Co-dependency,,1,0.0,0.0,100.0,0.0,0.0,0.0,0.0,0.0,0.0,0.0,0.0,Dundee City ADP,
761,2021/22Q3,S08000030,,Co-dependency,,3,0.0,0.0,0.0,0.0,0.0,0.0,33.3,33.3,33.3,0.0,0.0,Dundee City ADP,
762,2020/21Q3,S08000030,,Drug,,19,42.1,21.1,15.8,15.8,0.0,0.0,5.3,0.0,0.0,0.0,0.0,Dundee City ADP,
763,2020/21Q4,S08000030,,Drug,,19,42.1,36.8,15.8,5.3,0.0,0.0,0.0,0.0,0.0,0.0,0.0,Dundee City ADP,
764,2021/22Q1,S08000030,,Drug,,71,19.7,12.7,2.8,4.2,8.5,12.7,11.3,25.4,2.8,0.0,0.0,Dundee City ADP,
765,2021/22Q2,S08000030,,Drug,,84,7.1,8.3,3.6,7.1,1.2,2.4,8.3,20.2,14.3,17.9,9.5,Dundee City ADP,
766,2021/22Q3,S08000030,,Drug,,91,4.4,12.1,11.0,6.6,2.2,5.5,4.4,16.5,8.8,7.7,20.9,Dundee City ADP,
767,2020/21Q3,S08000030,,Alcohol,,19,21.1,36.8,31.6,0.0,5.3,0.0,0.0,0.0,0.0,0.0,5.3,Perth & Kinross ADP,
768,2020/21Q4,S08000030,,Alcohol,,16,43.8,25.0,18.8,6.2,0.0,0.0,0.0,6.2,0.0,0.0,0.0,Perth & Kinross ADP,
769,2021/22Q1,S08000030,,Alcohol,,25,24.0,28.0,20.0,20.0,0.0,0.0,0.0,0.0,8.0,0.0,0.0,Perth & Kinross ADP,
770,2021/22Q2,S08000030,,Alcohol,,42,50.0,16.7,9.5,14.3,4.8,0.0,2.4,0.0,0.0,0.0,2.4,Perth & Kinross ADP,
771,2021/22Q3,S08000030,,Alcohol,,37,21.6,32.4,10.8,10.8,10.8,2.7,5.4,2.7,0.0,0.0,2.7,Perth & Kinross ADP,
772,2020/21Q3,S08000030,,All,d,28,17.9,35.7,39.3,0.0,3.6,0.0,0.0,0.0,0.0,0.0,3.6,Perth & Kinross ADP,
773,2020/21Q4,S08000030,,All,d,28,39.3,28.6,25.0,3.6,0.0,0.0,0.0,3.6,0.0,0.0,0.0,Perth & Kinross ADP,
774,2021/22Q1,S08000030,,All,d,48,31.2,18.8,18.8,12.5,2.1,0.0,0.0,4.2,12.5,0.0,0.0,Perth & Kinross ADP,
775,2021/22Q2,S08000030,,All,d,51,51.0,15.7,7.8,13.7,5.9,0.0,2.0,0.0,0.0,0.0,3.9,Perth & Kinross ADP,
776,2021/22Q3,S08000030,,All,d,50,22.0,36.0,8.0,10.0,10.0,2.0,6.0,2.0,0.0,0.0,4.0,Perth & Kinross ADP,
777,2020/21Q3,S08000030,,Drug,,9,11.1,33.3,55.6,0.0,0.0,0.0,0.0,0.0,0.0,0.0,0.0,Perth & Kinross ADP,
778,2020/21Q4,S08000030,,Drug,,12,33.3,33.3,33.3,0.0,0.0,0.0,0.0,0.0,0.0,0.0,0.0,Perth & Kinross ADP,
779,2021/22Q1,S08000030,,Drug,,22,40.9,4.5,18.2,4.5,4.5,0.0,0.0,9.1,18.2,0.0,0.0,Perth & Kinross ADP,
780,2021/22Q2,S08000030,,Drug,,9,55.6,11.1,0.0,11.1,11.1,0.0,0.0,0.0,0.0,0.0,11.1,Perth & Kinross ADP,
781,2021/22Q3,S08000030,,Drug,,13,23.1,46.2,0.0,7.7,7.7,0.0,7.7,0.0,0.0,0.0,7.7,Perth & Kinross ADP,
782,2020/21Q3,S08000015,,Alcohol,,1,0.0,100.0,0.0,0.0,0.0,0.0,0.0,0.0,0.0,0.0,0.0,East Ayrshire ADP,
783,2021/22Q1,S08000015,,Alcohol,,1,100.0,0.0,0.0,0.0,0.0,0.0,0.0,0.0,0.0,0.0,0.0,East Ayrshire ADP,
784,2020/21Q3,S08000015,,All,d,3,0.0,66.7,33.3,0.0,0.0,0.0,0.0,0.0,0.0,0.0,0.0,East Ayrshire ADP,
785,2020/21Q4,S08000015,,All,d,5,80.0,0.0,0.0,0.0,0.0,0.0,20.0,0.0,0.0,0.0,0.0,East Ayrshire ADP,
786,2021/22Q1,S08000015,,All,d,2,100.0,0.0,0.0,0.0,0.0,0.0,0.0,0.0,0.0,0.0,0.0,East Ayrshire ADP,
787,2021/22Q3,S08000015,,All,d,1,0.0,0.0,100.0,0.0,0.0,0.0,0.0,0.0,0.0,0.0,0.0,East Ayrshire ADP,
788,2020/21Q4,S08000015,,Drug,,5,80.0,0.0,0.0,0.0,0.0,0.0,20.0,0.0,0.0,0.0,0.0,East Ayrshire ADP,
789,2021/22Q1,S08000015,,Drug,,1,100.0,0.0,0.0,0.0,0.0,0.0,0.0,0.0,0.0,0.0,0.0,East Ayrshire ADP,
790,2020/21Q4,S08000017,,All,d,1,100.0,0.0,0.0,0.0,0.0,0.0,0.0,0.0,0.0,0.0,0.0,Dumfries & Galloway ADP,
791,2021/22Q3,S08000017,,All,d,2,0.0,0.0,0.0,0.0,0.0,0.0,50.0,50.0,0.0,0.0,0.0,Dumfries & Galloway ADP,
792,2020/21Q4,S08000017,,Drug,,1,100.0,0.0,0.0,0.0,0.0,0.0,0.0,0.0,0.0,0.0,0.0,Dumfries & Galloway ADP,
793,2021/22Q3,S08000017,,Drug,,2,0.0,0.0,0.0,0.0,0.0,0.0,50.0,50.0,0.0,0.0,0.0,Dumfries & Galloway ADP,
794,2021/22Q1,S08000019,,Alcohol,,1,100.0,0.0,0.0,0.0,0.0,0.0,0.0,0.0,0.0,0.0,0.0,Clackmannanshire ADP,
795,2021/22Q1,S08000019,,All,d,5,100.0,0.0,0.0,0.0,0.0,0.0,0.0,0.0,0.0,0.0,0.0,Clackmannanshire ADP,
796,2021/22Q2,S08000019,,All,d,5,100.0,0.0,0.0,0.0,0.0,0.0,0.0,0.0,0.0,0.0,0.0,Clackmannanshire ADP,
797,2021/22Q3,S08000019,,All,d,5,0.0,60.0,20.0,0.0,20.0,0.0,0.0,0.0,0.0,0.0,0.0,Clackmannanshire ADP,
798,2021/22Q1,S08000019,,Co-dependency,,1,100.0,0.0,0.0,0.0,0.0,0.0,0.0,0.0,0.0,0.0,0.0,Clackmannanshire ADP,
799,2021/22Q1,S08000019,,Drug,,3,100.0,0.0,0.0,0.0,0.0,0.0,0.0,0.0,0.0,0.0,0.0,Clackmannanshire ADP,
800,2021/22Q2,S08000019,,Drug,,5,100.0,0.0,0.0,0.0,0.0,0.0,0.0,0.0,0.0,0.0,0.0,Clackmannanshire ADP,
801,2021/22Q3,S08000019,,Drug,,5,0.0,60.0,20.0,0.0,20.0,0.0,0.0,0.0,0.0,0.0,0.0,Clackmannanshire ADP,
802,2020/21Q3,S08000019,,Alcohol,,2,50.0,50.0,0.0,0.0,0.0,0.0,0.0,0.0,0.0,0.0,0.0,Falkirk ADP,
803,2021/22Q1,S08000019,,Alcohol,,1,100.0,0.0,0.0,0.0,0.0,0.0,0.0,0.0,0.0,0.0,0.0,Falkirk ADP,
804,2020/21Q3,S08000019,,All,d,9,33.3,66.7,0.0,0.0,0.0,0.0,0.0,0.0,0.0,0.0,0.0,Falkirk ADP,
805,2020/21Q4,S08000019,,All,d,11,72.7,18.2,9.1,0.0,0.0,0.0,0.0,0.0,0.0,0.0,0.0,Falkirk ADP,
806,2021/22Q1,S08000019,,All,d,13,61.5,30.8,7.7,0.0,0.0,0.0,0.0,0.0,0.0,0.0,0.0,Falkirk ADP,
807,2021/22Q2,S08000019,,All,d,5,40.0,60.0,0.0,0.0,0.0,0.0,0.0,0.0,0.0,0.0,0.0,Falkirk ADP,
808,2021/22Q1,S08000019,,Co-dependency,,8,75.0,12.5,12.5,0.0,0.0,0.0,0.0,0.0,0.0,0.0,0.0,Falkirk ADP,
809,2021/22Q2,S08000019,,Co-dependency,,4,50.0,50.0,0.0,0.0,0.0,0.0,0.0,0.0,0.0,0.0,0.0,Falkirk ADP,
810,2020/21Q3,S08000019,,Drug,,7,28.6,71.4,0.0,0.0,0.0,0.0,0.0,0.0,0.0,0.0,0.0,Falkirk ADP,
811,2020/21Q4,S08000019,,Drug,,11,72.7,18.2,9.1,0.0,0.0,0.0,0.0,0.0,0.0,0.0,0.0,Falkirk ADP,
812,2021/22Q1,S08000019,,Drug,,4,25.0,75.0,0.0,0.0,0.0,0.0,0.0,0.0,0.0,0.0,0.0,Falkirk ADP,
813,2021/22Q2,S08000019,,Drug,,1,0.0,100.0,0.0,0.0,0.0,0.0,0.0,0.0,0.0,0.0,0.0,Falkirk ADP,
814,2020/21Q3,S08000019,,All,d,3,33.3,66.7,0.0,0.0,0.0,0.0,0.0,0.0,0.0,0.0,0.0,Stirling ADP,
815,2020/21Q4,S08000019,,All,d,4,75.0,25.0,0.0,0.0,0.0,0.0,0.0,0.0,0.0,0.0,0.0,Stirling ADP,
816,2021/22Q1,S08000019,,All,d,2,100.0,0.0,0.0,0.0,0.0,0.0,0.0,0.0,0.0,0.0,0.0,Stirling ADP,
817,2020/21Q3,S08000019,,Drug,,3,33.3,66.7,0.0,0.0,0.0,0.0,0.0,0.0,0.0,0.0,0.0,Stirling ADP,
818,2020/21Q4,S08000019,,Drug,,4,75.0,25.0,0.0,0.0,0.0,0.0,0.0,0.0,0.0,0.0,0.0,Stirling ADP,
819,2021/22Q1,S08000019,,Drug,,2,100.0,0.0,0.0,0.0,0.0,0.0,0.0,0.0,0.0,0.0,0.0,Stirling ADP,
820,2020/21Q3,S08000020,,All,d,2,0.0,0.0,50.0,0.0,50.0,0.0,0.0,0.0,0.0,0.0,0.0,Aberdeenshire ADP,
821,2020/21Q4,S08000020,,All,d,2,0.0,0.0,0.0,0.0,0.0,0.0,0.0,0.0,50.0,50.0,0.0,Aberdeenshire ADP,
822,2021/22Q1,S08000020,,All,d,6,0.0,0.0,33.3,16.7,0.0,16.7,0.0,0.0,0.0,0.0,33.3,Aberdeenshire ADP,
823,2021/22Q2,S08000020,,All,d,2,0.0,0.0,0.0,0.0,0.0,0.0,0.0,0.0,0.0,0.0,100.0,Aberdeenshire ADP,
824,2021/22Q3,S08000020,,All,d,2,100.0,0.0,0.0,0.0,0.0,0.0,0.0,0.0,0.0,0.0,0.0,Aberdeenshire ADP,
825,2020/21Q3,S08000020,,Drug,,2,0.0,0.0,50.0,0.0,50.0,0.0,0.0,0.0,0.0,0.0,0.0,Aberdeenshire ADP,
826,2020/21Q4,S08000020,,Drug,,2,0.0,0.0,0.0,0.0,0.0,0.0,0.0,0.0,50.0,50.0,0.0,Aberdeenshire ADP,
827,2021/22Q1,S08000020,,Drug,,6,0.0,0.0,33.3,16.7,0.0,16.7,0.0,0.0,0.0,0.0,33.3,Aberdeenshire ADP,
828,2021/22Q2,S08000020,,Drug,,2,0.0,0.0,0.0,0.0,0.0,0.0,0.0,0.0,0.0,0.0,100.0,Aberdeenshire ADP,
829,2021/22Q3,S08000020,,Drug,,2,100.0,0.0,0.0,0.0,0.0,0.0,0.0,0.0,0.0,0.0,0.0,Aberdeenshire ADP,
830,2021/22Q1,S08000031,,All,d,1,100.0,0.0,0.0,0.0,0.0,0.0,0.0,0.0,0.0,0.0,0.0,City of Glasgow ADP,
831,2021/22Q3,S08000031,,All,d,1,0.0,100.0,0.0,0.0,0.0,0.0,0.0,0.0,0.0,0.0,0.0,City of Glasgow ADP,
832,2021/22Q1,S08000031,,Drug,,1,100.0,0.0,0.0,0.0,0.0,0.0,0.0,0.0,0.0,0.0,0.0,City of Glasgow ADP,
833,2021/22Q3,S08000031,,Drug,,1,0.0,100.0,0.0,0.0,0.0,0.0,0.0,0.0,0.0,0.0,0.0,City of Glasgow ADP,
834,2021/22Q1,S08000031,,All,d,2,0.0,0.0,0.0,0.0,50.0,50.0,0.0,0.0,0.0,0.0,0.0,East Dunbartonshire ADP,
835,2021/22Q2,S08000031,,All,d,1,100.0,0.0,0.0,0.0,0.0,0.0,0.0,0.0,0.0,0.0,0.0,East Dunbartonshire ADP,
836,2021/22Q1,S08000031,,Drug,,2,0.0,0.0,0.0,0.0,50.0,50.0,0.0,0.0,0.0,0.0,0.0,East Dunbartonshire ADP,
837,2021/22Q2,S08000031,,Drug,,1,100.0,0.0,0.0,0.0,0.0,0.0,0.0,0.0,0.0,0.0,0.0,East Dunbartonshire ADP,
838,2020/21Q4,S08000031,,Alcohol,,1,0.0,0.0,0.0,0.0,0.0,100.0,0.0,0.0,0.0,0.0,0.0,Inverclyde ADP,
839,2020/21Q4,S08000031,,All,d,1,0.0,0.0,0.0,0.0,0.0,100.0,0.0,0.0,0.0,0.0,0.0,Inverclyde ADP,
840,2021/22Q1,S08000031,,All,d,3,0.0,0.0,100.0,0.0,0.0,0.0,0.0,0.0,0.0,0.0,0.0,Inverclyde ADP,
841,2021/22Q1,S08000031,,Co-dependency,,1,0.0,0.0,100.0,0.0,0.0,0.0,0.0,0.0,0.0,0.0,0.0,Inverclyde ADP,
842,2021/22Q1,S08000031,,Drug,,2,0.0,0.0,100.0,0.0,0.0,0.0,0.0,0.0,0.0,0.0,0.0,Inverclyde ADP,
843,2021/22Q1,S08000022,,Alcohol,,3,0.0,33.3,0.0,0.0,0.0,0.0,66.7,0.0,0.0,0.0,0.0,Highland ADP,
844,2020/21Q3,S08000022,,All,d,2,50.0,50.0,0.0,0.0,0.0,0.0,0.0,0.0,0.0,0.0,0.0,Highland ADP,
845,2021/22Q1,S08000022,,All,d,9,0.0,33.3,0.0,22.2,11.1,0.0,22.2,11.1,0.0,0.0,0.0,Highland ADP,
846,2021/22Q2,S08000022,,All,d,4,25.0,25.0,0.0,25.0,0.0,25.0,0.0,0.0,0.0,0.0,0.0,Highland ADP,
847,2021/22Q1,S08000022,,Co-dependency,,1,0.0,100.0,0.0,0.0,0.0,0.0,0.0,0.0,0.0,0.0,0.0,Highland ADP,
848,2020/21Q3,S08000022,,Drug,,2,50.0,50.0,0.0,0.0,0.0,0.0,0.0,0.0,0.0,0.0,0.0,Highland ADP,
849,2021/22Q1,S08000022,,Drug,,5,0.0,20.0,0.0,40.0,20.0,0.0,0.0,20.0,0.0,0.0,0.0,Highland ADP,
850,2021/22Q2,S08000022,,Drug,,4,25.0,25.0,0.0,25.0,0.0,25.0,0.0,0.0,0.0,0.0,0.0,Highland ADP,
851,2021/22Q1,S08000032,,All,d,9,22.2,0.0,0.0,0.0,0.0,0.0,0.0,0.0,77.8,0.0,0.0,North Lanarkshire ADP,
852,2021/22Q2,S08000032,,All,d,6,0.0,0.0,0.0,0.0,0.0,0.0,0.0,0.0,0.0,0.0,100.0,North Lanarkshire ADP,
853,2021/22Q1,S08000032,,Drug,,9,22.2,0.0,0.0,0.0,0.0,0.0,0.0,0.0,77.8,0.0,0.0,North Lanarkshire ADP,
854,2021/22Q2,S08000032,,Drug,,6,0.0,0.0,0.0,0.0,0.0,0.0,0.0,0.0,0.0,0.0,100.0,North Lanarkshire ADP,
855,2020/21Q3,S08000024,,All,d,15,13.3,0.0,33.3,33.3,13.3,0.0,0.0,0.0,0.0,6.7,0.0,West Lothian ADP,
856,2020/21Q4,S08000024,,All,d,7,0.0,0.0,0.0,0.0,14.3,14.3,28.6,14.3,28.6,0.0,0.0,West Lothian ADP,
857,2021/22Q1,S08000024,,All,d,5,0.0,20.0,20.0,0.0,0.0,0.0,20.0,0.0,0.0,20.0,20.0,West Lothian ADP,
858,2021/22Q2,S08000024,,All,d,1,0.0,0.0,0.0,0.0,0.0,0.0,0.0,0.0,0.0,0.0,100.0,West Lothian ADP,
859,2020/21Q3,S08000024,,Drug,,15,13.3,0.0,33.3,33.3,13.3,0.0,0.0,0.0,0.0,6.7,0.0,West Lothian ADP,
860,2020/21Q4,S08000024,,Drug,,7,0.0,0.0,0.0,0.0,14.3,14.3,28.6,14.3,28.6,0.0,0.0,West Lothian ADP,
861,2021/22Q1,S08000024,,Drug,,5,0.0,20.0,20.0,0.0,0.0,0.0,20.0,0.0,0.0,20.0,20.0,West Lothian ADP,
862,2021/22Q2,S08000024,,Drug,,1,0.0,0.0,0.0,0.0,0.0,0.0,0.0,0.0,0.0,0.0,100.0,West Lothian ADP,
863,2020/21Q3,S08000030,,All,d,5,0.0,40.0,40.0,0.0,20.0,0.0,0.0,0.0,0.0,0.0,0.0,Perth & Kinross ADP,
864,2020/21Q4,S08000030,,All,d,10,70.0,10.0,20.0,0.0,0.0,0.0,0.0,0.0,0.0,0.0,0.0,Perth & Kinross ADP,
865,2021/22Q1,S08000030,,All,d,6,0.0,0.0,0.0,33.3,0.0,0.0,0.0,0.0,66.7,0.0,0.0,Perth & Kinross ADP,
866,2021/22Q2,S08000030,,All,d,4,0.0,0.0,0.0,0.0,0.0,0.0,0.0,0.0,0.0,0.0,100.0,Perth & Kinross ADP,
867,2021/22Q3,S08000030,,All,d,7,0.0,0.0,14.3,0.0,0.0,0.0,0.0,28.6,0.0,0.0,57.1,Perth & Kinross ADP,
868,2020/21Q3,S08000030,,Drug,,5,0.0,40.0,40.0,0.0,20.0,0.0,0.0,0.0,0.0,0.0,0.0,Perth & Kinross ADP,
869,2020/21Q4,S08000030,,Drug,,10,70.0,10.0,20.0,0.0,0.0,0.0,0.0,0.0,0.0,0.0,0.0,Perth & Kinross ADP,
870,2021/22Q1,S08000030,,Drug,,6,0.0,0.0,0.0,33.3,0.0,0.0,0.0,0.0,66.7,0.0,0.0,Perth & Kinross ADP,
871,2021/22Q2,S08000030,,Drug,,4,0.0,0.0,0.0,0.0,0.0,0.0,0.0,0.0,0.0,0.0,100.0,Perth & Kinross ADP,
872,2021/22Q3,S08000030,,Drug,,7,0.0,0.0,14.3,0.0,0.0,0.0,0.0,28.6,0.0,0.0,57.1,Perth & Kinross ADP,
873,2020/21Q3,S08000015,,Alcohol,,1,0.0,100.0,0.0,0.0,0.0,0.0,0.0,0.0,0.0,0.0,0.0,Ayrshire & Arran  - All ADPs,d
874,2021/22Q1,S08000015,,Alcohol,,1,100.0,0.0,0.0,0.0,0.0,0.0,0.0,0.0,0.0,0.0,0.0,Ayrshire & Arran  - All ADPs,d
875,2020/21Q3,S08000015,,All,d,3,0.0,66.7,33.3,0.0,0.0,0.0,0.0,0.0,0.0,0.0,0.0,Ayrshire & Arran  - All ADPs,d
876,2020/21Q4,S08000015,,All,d,5,80.0,0.0,0.0,0.0,0.0,0.0,20.0,0.0,0.0,0.0,0.0,Ayrshire & Arran  - All ADPs,d
877,2021/22Q1,S08000015,,All,d,2,100.0,0.0,0.0,0.0,0.0,0.0,0.0,0.0,0.0,0.0,0.0,Ayrshire & Arran  - All ADPs,d
878,2021/22Q3,S08000015,,All,d,1,0.0,0.0,100.0,0.0,0.0,0.0,0.0,0.0,0.0,0.0,0.0,Ayrshire & Arran  - All ADPs,d
879,2020/21Q3,S08000015,,Drug,,2,0.0,50.0,50.0,0.0,0.0,0.0,0.0,0.0,0.0,0.0,0.0,Ayrshire & Arran  - All ADPs,d
880,2020/21Q4,S08000015,,Drug,,5,80.0,0.0,0.0,0.0,0.0,0.0,20.0,0.0,0.0,0.0,0.0,Ayrshire & Arran  - All ADPs,d
881,2021/22Q1,S08000015,,Drug,,1,100.0,0.0,0.0,0.0,0.0,0.0,0.0,0.0,0.0,0.0,0.0,Ayrshire & Arran  - All ADPs,d
882,2021/22Q3,S08000015,,Drug,,1,0.0,0.0,100.0,0.0,0.0,0.0,0.0,0.0,0.0,0.0,0.0,Ayrshire & Arran  - All ADPs,d
883,2020/21Q4,S08000017,,All,d,1,100.0,0.0,0.0,0.0,0.0,0.0,0.0,0.0,0.0,0.0,0.0,Dumfries & Galloway  - All ADPs,d
884,2021/22Q3,S08000017,,All,d,2,0.0,0.0,0.0,0.0,0.0,0.0,50.0,50.0,0.0,0.0,0.0,Dumfries & Galloway  - All ADPs,d
885,2020/21Q4,S08000017,,Drug,,1,100.0,0.0,0.0,0.0,0.0,0.0,0.0,0.0,0.0,0.0,0.0,Dumfries & Galloway  - All ADPs,d
886,2021/22Q3,S08000017,,Drug,,2,0.0,0.0,0.0,0.0,0.0,0.0,50.0,50.0,0.0,0.0,0.0,Dumfries & Galloway  - All ADPs,d
887,2020/21Q3,S08000019,,Alcohol,,2,50.0,50.0,0.0,0.0,0.0,0.0,0.0,0.0,0.0,0.0,0.0,Forth Valley  - All ADPs,d
888,2021/22Q1,S08000019,,Alcohol,,2,100.0,0.0,0.0,0.0,0.0,0.0,0.0,0.0,0.0,0.0,0.0,Forth Valley  - All ADPs,d
889,2020/21Q3,S08000019,,All,d,12,33.3,66.7,0.0,0.0,0.0,0.0,0.0,0.0,0.0,0.0,0.0,Forth Valley  - All ADPs,d
890,2020/21Q4,S08000019,,All,d,15,73.3,20.0,6.7,0.0,0.0,0.0,0.0,0.0,0.0,0.0,0.0,Forth Valley  - All ADPs,d
891,2021/22Q1,S08000019,,All,d,20,75.0,20.0,5.0,0.0,0.0,0.0,0.0,0.0,0.0,0.0,0.0,Forth Valley  - All ADPs,d
892,2021/22Q2,S08000019,,All,d,10,70.0,30.0,0.0,0.0,0.0,0.0,0.0,0.0,0.0,0.0,0.0,Forth Valley  - All ADPs,d
893,2021/22Q3,S08000019,,All,d,5,0.0,60.0,20.0,0.0,20.0,0.0,0.0,0.0,0.0,0.0,0.0,Forth Valley  - All ADPs,d
894,2021/22Q1,S08000019,,Co-dependency,,9,77.8,11.1,11.1,0.0,0.0,0.0,0.0,0.0,0.0,0.0,0.0,Forth Valley  - All ADPs,d
895,2021/22Q2,S08000019,,Co-dependency,,4,50.0,50.0,0.0,0.0,0.0,0.0,0.0,0.0,0.0,0.0,0.0,Forth Valley  - All ADPs,d
896,2020/21Q3,S08000019,,Drug,,10,30.0,70.0,0.0,0.0,0.0,0.0,0.0,0.0,0.0,0.0,0.0,Forth Valley  - All ADPs,d
897,2020/21Q4,S08000019,,Drug,,15,73.3,20.0,6.7,0.0,0.0,0.0,0.0,0.0,0.0,0.0,0.0,Forth Valley  - All ADPs,d
898,2021/22Q1,S08000019,,Drug,,9,66.7,33.3,0.0,0.0,0.0,0.0,0.0,0.0,0.0,0.0,0.0,Forth Valley  - All ADPs,d
899,2021/22Q2,S08000019,,Drug,,6,83.3,16.7,0.0,0.0,0.0,0.0,0.0,0.0,0.0,0.0,0.0,Forth Valley  - All ADPs,d
900,2021/22Q3,S08000019,,Drug,,5,0.0,60.0,20.0,0.0,20.0,0.0,0.0,0.0,0.0,0.0,0.0,Forth Valley  - All ADPs,d
901,2020/21Q3,S08000020,,All,d,2,0.0,0.0,50.0,0.0,50.0,0.0,0.0,0.0,0.0,0.0,0.0,Grampian  - All ADPs,d
902,2020/21Q4,S08000020,,All,d,2,0.0,0.0,0.0,0.0,0.0,0.0,0.0,0.0,50.0,50.0,0.0,Grampian  - All ADPs,d
903,2021/22Q1,S08000020,,All,d,6,0.0,0.0,33.3,16.7,0.0,16.7,0.0,0.0,0.0,0.0,33.3,Grampian  - All ADPs,d
904,2021/22Q2,S08000020,,All,d,2,0.0,0.0,0.0,0.0,0.0,0.0,0.0,0.0,0.0,0.0,100.0,Grampian  - All ADPs,d
905,2021/22Q3,S08000020,,All,d,2,100.0,0.0,0.0,0.0,0.0,0.0,0.0,0.0,0.0,0.0,0.0,Grampian  - All ADPs,d
906,2020/21Q3,S08000020,,Drug,,2,0.0,0.0,50.0,0.0,50.0,0.0,0.0,0.0,0.0,0.0,0.0,Grampian  - All ADPs,d
907,2020/21Q4,S08000020,,Drug,,2,0.0,0.0,0.0,0.0,0.0,0.0,0.0,0.0,50.0,50.0,0.0,Grampian  - All ADPs,d
908,2021/22Q1,S08000020,,Drug,,6,0.0,0.0,33.3,16.7,0.0,16.7,0.0,0.0,0.0,0.0,33.3,Grampian  - All ADPs,d
909,2021/22Q2,S08000020,,Drug,,2,0.0,0.0,0.0,0.0,0.0,0.0,0.0,0.0,0.0,0.0,100.0,Grampian  - All ADPs,d
910,2021/22Q3,S08000020,,Drug,,2,100.0,0.0,0.0,0.0,0.0,0.0,0.0,0.0,0.0,0.0,0.0,Grampian  - All ADPs,d
911,2020/21Q4,S08000031,,Alcohol,,1,0.0,0.0,0.0,0.0,0.0,100.0,0.0,0.0,0.0,0.0,0.0,Greater Glasgow & Clyde  - All ADPs,d
912,2020/21Q4,S08000031,,All,d,1,0.0,0.0,0.0,0.0,0.0,100.0,0.0,0.0,0.0,0.0,0.0,Greater Glasgow & Clyde  - All ADPs,d
913,2021/22Q1,S08000031,,All,d,6,16.7,0.0,50.0,0.0,16.7,16.7,0.0,0.0,0.0,0.0,0.0,Greater Glasgow & Clyde  - All ADPs,d
914,2021/22Q2,S08000031,,All,d,1,100.0,0.0,0.0,0.0,0.0,0.0,0.0,0.0,0.0,0.0,0.0,Greater Glasgow & Clyde  - All ADPs,d
915,2021/22Q3,S08000031,,All,d,1,0.0,100.0,0.0,0.0,0.0,0.0,0.0,0.0,0.0,0.0,0.0,Greater Glasgow & Clyde  - All ADPs,d
916,2021/22Q1,S08000031,,Co-dependency,,1,0.0,0.0,100.0,0.0,0.0,0.0,0.0,0.0,0.0,0.0,0.0,Greater Glasgow & Clyde  - All ADPs,d
917,2021/22Q1,S08000031,,Drug,,5,20.0,0.0,40.0,0.0,20.0,20.0,0.0,0.0,0.0,0.0,0.0,Greater Glasgow & Clyde  - All ADPs,d
918,2021/22Q2,S08000031,,Drug,,1,100.0,0.0,0.0,0.0,0.0,0.0,0.0,0.0,0.0,0.0,0.0,Greater Glasgow & Clyde  - All ADPs,d
919,2021/22Q3,S08000031,,Drug,,1,0.0,100.0,0.0,0.0,0.0,0.0,0.0,0.0,0.0,0.0,0.0,Greater Glasgow & Clyde  - All ADPs,d
920,2021/22Q1,S08000022,,Alcohol,,3,0.0,33.3,0.0,0.0,0.0,0.0,66.7,0.0,0.0,0.0,0.0,Highland  - All ADPs,d
921,2020/21Q3,S08000022,,All,d,2,50.0,50.0,0.0,0.0,0.0,0.0,0.0,0.0,0.0,0.0,0.0,Highland  - All ADPs,d
922,2021/22Q1,S08000022,,All,d,9,0.0,33.3,0.0,22.2,11.1,0.0,22.2,11.1,0.0,0.0,0.0,Highland  - All ADPs,d
923,2021/22Q2,S08000022,,All,d,4,25.0,25.0,0.0,25.0,0.0,25.0,0.0,0.0,0.0,0.0,0.0,Highland  - All ADPs,d
924,2021/22Q1,S08000022,,Co-dependency,,1,0.0,100.0,0.0,0.0,0.0,0.0,0.0,0.0,0.0,0.0,0.0,Highland  - All ADPs,d
925,2020/21Q3,S08000022,,Drug,,2,50.0,50.0,0.0,0.0,0.0,0.0,0.0,0.0,0.0,0.0,0.0,Highland  - All ADPs,d
926,2021/22Q1,S08000022,,Drug,,5,0.0,20.0,0.0,40.0,20.0,0.0,0.0,20.0,0.0,0.0,0.0,Highland  - All ADPs,d
927,2021/22Q2,S08000022,,Drug,,4,25.0,25.0,0.0,25.0,0.0,25.0,0.0,0.0,0.0,0.0,0.0,Highland  - All ADPs,d
928,2021/22Q1,S08000032,,All,d,9,22.2,0.0,0.0,0.0,0.0,0.0,0.0,0.0,77.8,0.0,0.0,Lanarkshire  - All ADPs,d
929,2021/22Q2,S08000032,,All,d,6,0.0,0.0,0.0,0.0,0.0,0.0,0.0,0.0,0.0,0.0,100.0,Lanarkshire  - All ADPs,d
930,2021/22Q1,S08000032,,Drug,,9,22.2,0.0,0.0,0.0,0.0,0.0,0.0,0.0,77.8,0.0,0.0,Lanarkshire  - All ADPs,d
931,2021/22Q2,S08000032,,Drug,,6,0.0,0.0,0.0,0.0,0.0,0.0,0.0,0.0,0.0,0.0,100.0,Lanarkshire  - All ADPs,d
932,2020/21Q3,S08000024,,All,d,15,13.3,0.0,33.3,33.3,13.3,0.0,0.0,0.0,0.0,6.7,0.0,Lothian  - All ADPs,d
933,2020/21Q4,S08000024,,All,d,7,0.0,0.0,0.0,0.0,14.3,14.3,28.6,14.3,28.6,0.0,0.0,Lothian  - All ADPs,d
934,2021/22Q1,S08000024,,All,d,5,0.0,20.0,20.0,0.0,0.0,0.0,20.0,0.0,0.0,20.0,20.0,Lothian  - All ADPs,d
935,2021/22Q2,S08000024,,All,d,1,0.0,0.0,0.0,0.0,0.0,0.0,0.0,0.0,0.0,0.0,100.0,Lothian  - All ADPs,d
936,2020/21Q3,S08000024,,Drug,,15,13.3,0.0,33.3,33.3,13.3,0.0,0.0,0.0,0.0,6.7,0.0,Lothian  - All ADPs,d
937,2020/21Q4,S08000024,,Drug,,7,0.0,0.0,0.0,0.0,14.3,14.3,28.6,14.3,28.6,0.0,0.0,Lothian  - All ADPs,d
938,2021/22Q1,S08000024,,Drug,,5,0.0,20.0,20.0,0.0,0.0,0.0,20.0,0.0,0.0,20.0,20.0,Lothian  - All ADPs,d
939,2021/22Q2,S08000024,,Drug,,1,0.0,0.0,0.0,0.0,0.0,0.0,0.0,0.0,0.0,0.0,100.0,Lothian  - All ADPs,d
940,2020/21Q3,S08000030,,All,d,5,0.0,40.0,40.0,0.0,20.0,0.0,0.0,0.0,0.0,0.0,0.0,Tayside  - All ADPs,d
941,2020/21Q4,S08000030,,All,d,10,70.0,10.0,20.0,0.0,0.0,0.0,0.0,0.0,0.0,0.0,0.0,Tayside  - All ADPs,d
942,2021/22Q1,S08000030,,All,d,6,0.0,0.0,0.0,33.3,0.0,0.0,0.0,0.0,66.7,0.0,0.0,Tayside  - All ADPs,d
943,2021/22Q2,S08000030,,All,d,4,0.0,0.0,0.0,0.0,0.0,0.0,0.0,0.0,0.0,0.0,100.0,Tayside  - All ADPs,d
944,2021/22Q3,S08000030,,All,d,7,0.0,0.0,14.3,0.0,0.0,0.0,0.0,28.6,0.0,0.0,57.1,Tayside  - All ADPs,d
945,2020/21Q3,S08000030,,Drug,,5,0.0,40.0,40.0,0.0,20.0,0.0,0.0,0.0,0.0,0.0,0.0,Tayside  - All ADPs,d
946,2020/21Q4,S08000030,,Drug,,10,70.0,10.0,20.0,0.0,0.0,0.0,0.0,0.0,0.0,0.0,0.0,Tayside  - All ADPs,d
947,2021/22Q1,S08000030,,Drug,,6,0.0,0.0,0.0,33.3,0.0,0.0,0.0,0.0,66.7,0.0,0.0,Tayside  - All ADPs,d
948,2021/22Q2,S08000030,,Drug,,4,0.0,0.0,0.0,0.0,0.0,0.0,0.0,0.0,0.0,0.0,100.0,Tayside  - All ADPs,d
949,2021/22Q3,S08000030,,Drug,,7,0.0,0.0,14.3,0.0,0.0,0.0,0.0,28.6,0.0,0.0,57.1,Tayside  - All ADPs,d
950,2020/21Q3,S92000003,,Alcohol,,3,33.3,66.7,0.0,0.0,0.0,0.0,0.0,0.0,0.0,0.0,0.0,Scotland,
951,2020/21Q4,S92000003,,Alcohol,,1,0.0,0.0,0.0,0.0,0.0,100.0,0.0,0.0,0.0,0.0,0.0,Scotland,
952,2021/22Q1,S92000003,,Alcohol,,6,50.0,16.7,0.0,0.0,0.0,0.0,33.3,0.0,0.0,0.0,0.0,Scotland,
953,2020/21Q3,S92000003,,All,d,39,17.9,33.3,23.1,12.8,10.3,0.0,0.0,0.0,0.0,2.6,0.0,Scotland,
954,2020/21Q4,S92000003,,All,d,41,56.1,9.8,7.3,0.0,2.4,4.9,7.3,2.4,7.3,2.4,0.0,Scotland,
955,2021/22Q1,S92000003,,All,d,63,31.7,12.7,11.1,7.9,3.2,3.2,4.8,1.6,17.5,1.6,4.8,Scotland,
956,2021/22Q2,S92000003,,All,d,28,32.1,14.3,0.0,3.6,0.0,3.6,0.0,0.0,0.0,0.0,46.4,Scotland,
957,2021/22Q3,S92000003,,All,d,18,11.1,22.2,16.7,0.0,5.6,0.0,5.6,16.7,0.0,0.0,22.2,Scotland,
958,2021/22Q1,S92000003,,Co-dependency,,11,63.6,18.2,18.2,0.0,0.0,0.0,0.0,0.0,0.0,0.0,0.0,Scotland,
959,2021/22Q2,S92000003,,Co-dependency,,4,50.0,50.0,0.0,0.0,0.0,0.0,0.0,0.0,0.0,0.0,0.0,Scotland,
960,2020/21Q3,S92000003,,Drug,,36,16.7,30.6,25.0,13.9,11.1,0.0,0.0,0.0,0.0,2.8,0.0,Scotland,
961,2020/21Q4,S92000003,,Drug,,40,57.5,10.0,7.5,0.0,2.5,2.5,7.5,2.5,7.5,2.5,0.0,Scotland,
962,2021/22Q1,S92000003,,Drug,,46,21.7,10.9,10.9,10.9,4.3,4.3,2.2,2.2,23.9,2.2,6.5,Scotland,
963,2021/22Q2,S92000003,,Drug,,24,29.2,8.3,0.0,4.2,0.0,4.2,0.0,0.0,0.0,0.0,54.2,Scotland,
964,2021/22Q3,S92000003,,Drug,,18,11.1,22.2,16.7,0.0,5.6,0.0,5.6,16.7,0.0,0.0,22.2,Scotland,
